-- phpMyAdmin SQL Dump
-- version 4.0.10.14
-- http://www.phpmyadmin.net
--
-- Host: localhost:3306
-- Generation Time: Jul 18, 2016 at 08:50 AM
-- Server version: 5.5.50-cll
-- PHP Version: 5.4.31

SET SQL_MODE = "NO_AUTO_VALUE_ON_ZERO";
SET time_zone = "+00:00";


/*!40101 SET @OLD_CHARACTER_SET_CLIENT=@@CHARACTER_SET_CLIENT */;
/*!40101 SET @OLD_CHARACTER_SET_RESULTS=@@CHARACTER_SET_RESULTS */;
/*!40101 SET @OLD_COLLATION_CONNECTION=@@COLLATION_CONNECTION */;
/*!40101 SET NAMES utf8 */;

--
-- Database: `k0649806_db_arthavest`
--

-- --------------------------------------------------------

--
-- Table structure for table `adm_login`
--

CREATE TABLE IF NOT EXISTS `adm_login` (
  `id_login` int(11) NOT NULL AUTO_INCREMENT,
  `username` varchar(99) NOT NULL,
  `password` varchar(99) NOT NULL,
  `last_login` datetime NOT NULL,
  PRIMARY KEY (`id_login`)
) ENGINE=MyISAM  DEFAULT CHARSET=latin1 AUTO_INCREMENT=5 ;

--
-- Dumping data for table `adm_login`
--

INSERT INTO `adm_login` (`id_login`, `username`, `password`, `last_login`) VALUES
(1, 'aiman', 'fadhil', '0000-00-00 00:00:00'),
(3, 'admin', 'admin', '0000-00-00 00:00:00'),
(4, 'arthavest', 'arthavest2016', '0000-00-00 00:00:00');

-- --------------------------------------------------------

--
-- Table structure for table `t_body`
--

CREATE TABLE IF NOT EXISTS `t_body` (
  `id_tbody` int(11) NOT NULL AUTO_INCREMENT,
  `id_menu` int(11) NOT NULL,
  `isi_menu` text NOT NULL,
  `embed` text NOT NULL,
  PRIMARY KEY (`id_tbody`)
) ENGINE=MyISAM  DEFAULT CHARSET=latin1 AUTO_INCREMENT=71 ;

--
-- Dumping data for table `t_body`
--

INSERT INTO `t_body` (`id_tbody`, `id_menu`, `isi_menu`, `embed`) VALUES
(1, 17, '<div class="panel-group" id="accordion" role="tablist" aria-multiselectable="true">\r\n  <div class="panel panel-default">\r\n    <div class="panel-heading" role="tab" id="headingOne">\r\n      <h4 class="panel-title">\r\n        <a role="button" data-toggle="collapse" data-parent="#accordion" href="#collapseOne" aria-expanded="true" aria-controls="collapseOne">\r\n          Collapsible Group Item #1\r\n        </a>\r\n      </h4>\r\n    </div>\r\n    <div id="collapseOne" class="panel-collapse collapse in" role="tabpanel" aria-labelledby="headingOne">\r\n      <div class="panel-body">\r\n        Anim pariatur cliche reprehenderit, enim eiusmod high life accusamus terry richardson ad squid. 3 wolf moon officia aute, non cupidatat skateboard dolor brunch. Food truck quinoa nesciunt laborum eiusmod. Brunch 3 wolf moon tempor, sunt aliqua put a bird on it squid single-origin coffee nulla assumenda shoreditch et. Nihil anim keffiyeh helvetica, craft beer labore wes anderson cred nesciunt sapiente ea proident. Ad vegan excepteur butcher vice lomo. Leggings occaecat craft beer farm-to-table, raw denim aesthetic synth nesciunt you probably haven''t heard of them accusamus labore sustainable VHS.\r\n      </div>\r\n    </div>\r\n  </div>\r\n  <div class="panel panel-default">\r\n    <div class="panel-heading" role="tab" id="headingTwo">\r\n      <h4 class="panel-title">\r\n        <a class="collapsed" role="button" data-toggle="collapse" data-parent="#accordion" href="#collapseTwo" aria-expanded="false" aria-controls="collapseTwo">\r\n          Collapsible Group Item #2\r\n        </a>\r\n      </h4>\r\n    </div>\r\n    <div id="collapseTwo" class="panel-collapse collapse" role="tabpanel" aria-labelledby="headingTwo">\r\n      <div class="panel-body">\r\n        Anim pariatur cliche reprehenderit, enim eiusmod high life accusamus terry richardson ad squid. 3 wolf moon officia aute, non cupidatat skateboard dolor brunch. Food truck quinoa nesciunt laborum eiusmod. Brunch 3 wolf moon tempor, sunt aliqua put a bird on it squid single-origin coffee nulla assumenda shoreditch et. Nihil anim keffiyeh helvetica, craft beer labore wes anderson cred nesciunt sapiente ea proident. Ad vegan excepteur butcher vice lomo. Leggings occaecat craft beer farm-to-table, raw denim aesthetic synth nesciunt you probably haven''t heard of them accusamus labore sustainable VHS.\r\n      </div>\r\n    </div>\r\n  </div>\r\n  <div class="panel panel-default">\r\n    <div class="panel-heading" role="tab" id="headingThree">\r\n      <h4 class="panel-title">\r\n        <a class="collapsed" role="button" data-toggle="collapse" data-parent="#accordion" href="#collapseThree" aria-expanded="false" aria-controls="collapseThree">\r\n          Collapsible Group Item #3\r\n        </a>\r\n      </h4>\r\n    </div>\r\n    <div id="collapseThree" class="panel-collapse collapse" role="tabpanel" aria-labelledby="headingThree">\r\n      <div class="panel-body">\r\n        Anim pariatur cliche reprehenderit, enim eiusmod high life accusamus terry richardson ad squid. 3 wolf moon officia aute, non cupidatat skateboard dolor brunch. Food truck quinoa nesciunt laborum eiusmod. Brunch 3 wolf moon tempor, sunt aliqua put a bird on it squid single-origin coffee nulla assumenda shoreditch et. Nihil anim keffiyeh helvetica, craft beer labore wes anderson cred nesciunt sapiente ea proident. Ad vegan excepteur butcher vice lomo. Leggings occaecat craft beer farm-to-table, raw denim aesthetic synth nesciunt you probably haven''t heard of them accusamus labore sustainable VHS.\r\n      </div>\r\n    </div>\r\n  </div>\r\n</div>', ''),
(2, 30, '<p>INI ISI PARENT 2 CHILD 1</p>\r\n', ''),
(3, 28, '<p>INI ISI PARENT 2</p>\r\n', ''),
(4, 38, '<p>TEST CHILD ENGLISH</p>\r\n', ''),
(5, 31, '', '<iframe src="https://www.google.com/maps/d/embed?mid=1ANgbSS1gQaX7uFaQjoTJaDT8jZc" width="640" height="480"></iframe>'),
(6, 46, '<div class="panel-group" id="accordion" role="tablist" aria-multiselectable="true" >\r\n  <div class="panel panel-default">\r\n    <div class="panel-heading" role="tab" id="headingOne" style="    background-color: rgba(255, 193, 7, 0.58);">\r\n      <h4 class="panel-title">\r\n        <a role="button" data-toggle="collapse" data-parent="#accordion" href="#collapseOne" aria-expanded="true" aria-controls="collapseOne">\r\n          Buntardjo Hartadi Sutanto, Komisaris Utama\r\n        </a>\r\n      </h4>\r\n    </div>\r\n    <div id="collapseOne" class="panel-collapse collapse in" role="tabpanel" aria-labelledby="headingOne">\r\n      <div class="panel-body">\r\n        <div class="row">\r\n          <div class="col-md-2"></div>\r\n         <div class="col-md-10">\r\n      Warga Negara Indonesia, lahir di Jember pada tahun 1943. Pernah menjabat sebagai Presiden Direktur PT Bank Bisnis International tahun 1997–2002, PT Bank Anglomas International tahun 2003 – 2004, PT Batavia Prosperindo International tahun 2007–2009 dan PT Batavia Prosperindo Finance Tbk tahun 2007–2011. Selain itu juga menjabat sebagai Komisaris PT Batavia Prosperindo Sekuritas tahun 2006–2010. Beliau menjabat sebagai Komisaris Utama Perseroan sejak Maret 2011.</div></div>\r\n      </div>\r\n    </div>\r\n  </div>\r\n  <div class="panel panel-default"  >\r\n    <div class="panel-heading" role="tab" id="headingTwo"  style="background-color: rgba(204, 204, 204, 0.68)">\r\n      <h4 class="panel-title">\r\n        <a class="collapsed" role="button" data-toggle="collapse" data-parent="#accordion" href="#collapseTwo" aria-expanded="false" aria-controls="collapseTwo">\r\n         Nur Asiah, Komisaris Independen\r\n        </a>\r\n      </h4>\r\n    </div>\r\n    <div id="collapseTwo" class="panel-collapse collapse" role="tabpanel" aria-labelledby="headingTwo" >\r\n      <div class="panel-body">\r\n<div class="row">\r\n          <div class="col-md-2"></div>\r\n         <div class="col-md-10">\r\n   \r\n     Warga Negara Indonesia, lahir di Jakarta pada tahun 1975. Menyelesaikan pendidikan terakhirnya di Universitas Islam Jakarta. Beliau menjabat sebagai Komisaris Independen Perseroan sejak bulan Maret 2011. Sebelum bergabung dengan Perseroan, beliau telah memiliki banyak pengalaman dalam menangani kasus-kasus kepailitan khususnya perusahaan terbuka. Sejak tahun 2008 menjabat sebagai anggota Dewan Kehormatan Ikatan Kurator dan Pengurus Indonesia.</div></div>\r\n      </div>\r\n    </div>\r\n  </div>\r\n  <div class="panel panel-default">\r\n    <div class="panel-heading" role="tab" id="headingThree" style="    background-color: rgba(255, 193, 7, 0.58);">\r\n      <h4 class="panel-title">\r\n        <a class="collapsed" role="button" data-toggle="collapse" data-parent="#accordion" href="#collapseThree" aria-expanded="false" aria-controls="collapseThree">\r\n          Yeremy Vincentius,Komisaris\r\n        </a>\r\n      </h4>\r\n    </div>\r\n    <div id="collapseThree" class="panel-collapse collapse" role="tabpanel" aria-labelledby="headingThree">\r\n      <div class="panel-body">\r\n<div class="row">\r\n          <div class="col-md-2"></div>\r\n         <div class="col-md-10">\r\n    \r\n    Warga Negara Indonesia, lahir di Jakarta pada tahun 1987. Pernah menjabat sebagai Senior Analyst PT.Ciptadana Capital tahun 2010-2013, Associate TAEL Asset Management tahun 2013-2014 dan Direktur PT.Dinamika Wisesa Murni sejak 2014. Beliau menjabat sebagai Komisaris Perseroan sejak Juni 2015.</div></div>\r\n      </div>\r\n    </div>\r\n  </div>\r\n</div>', ''),
(7, 49, '<p>Perusahaan memulai kegiatan operasinya secara komersial di bidang bisnis investasi pada tahun 1992 dan saat ini berdomisili di Jalan Pecenongan No. 72, Komplek Ruko Atap Merah Blok B1, Kebon Kelapa, Gambir, Jakarta Pusat. Di Agustus 2011, Perusahaan ber-investasi di PT. Sanggraha Dhika, yang memiliki lingkup kegiatan usaha di bidang perhotelan, dengan total kepemilikan 51%. PT Sanggraha Dhika adalah pemilik sekaligus pengelola Hotel REDTOP yang terletak di Jalan Pecenongan No. 72, Jakarta Pusat.</p>\n', ''),
(8, 50, '<h3><strong>Visi</strong></h3>\n\n<p>Menjadi perusahaan investasi yang bertaraf dan memiliki jaringan internasional serta memahami globalisasi pasar.</p>\n\n<h3><strong>Misi</strong></h3>\n\n<ol>\n	<li>Melakukan penyertaan saham pada perusahaan-perusahaan baik di dalam maupun di luar negeri.</li>\n	<li>Membentuk aliansi strategis dengan perusahaan-perusahaan lain, baik secara langsung maupun lewat anak perusahaan.</li>\n	<li>Meningkatkan sumber daya manusia secara berkesinambungan untuk menciptakan tenaga-tenaga yang kompeten, berkualitas, profesional, loyal dan berdedikasi tinggi.</li>\n</ol>\n', ''),
(9, 53, '<p><img alt="" src="http://arthavest.com/plugins/uploaded/Struktur_Org33.jpg" style="height:388px; width:550px" /></p>\n', ''),
(10, 51, '', '<div class="panel-group" id="accordion" role="tablist" aria-multiselectable="true" >\n  <div class="panel panel-default">\n    <div class="panel-heading" role="tab" id="headingOne" style="    background-color: rgba(255, 193, 7, 0.58);">\n      <h4 class="panel-title">\n        <a role="button" data-toggle="collapse" data-parent="#accordion" href="#collapseOne" aria-expanded="true" aria-controls="collapseOne">\n          Buntardjo Hartadi Sutanto, Komisaris Utama\n        </a>\n      </h4>\n    </div>\n    <div id="collapseOne" class="panel-collapse collapse in" role="tabpanel" aria-labelledby="headingOne">\n      <div class="panel-body">\n        <div class="row">\n          <div class="col-md-2"><img src="http://arthavest.com/plugins/uploaded/buntardjo.png" width="100%"></div>\n         <div class="col-md-10">\n      Warga Negara Indonesia, lahir di Jember pada tahun 1943. Pernah menjabat sebagai Presiden Direktur PT Bank Bisnis International tahun 1997–2002, PT Bank Anglomas International tahun 2003 – 2004, PT Batavia Prosperindo International tahun 2007–2009 dan PT Batavia Prosperindo Finance Tbk tahun 2007–2011. Selain itu juga menjabat sebagai Komisaris PT Batavia Prosperindo Sekuritas tahun 2006–2010. Beliau menjabat sebagai Komisaris Utama Perseroan sejak Maret 2011.</div></div>\n      </div>\n    </div>\n  </div>\n  <div class="panel panel-default"  >\n    <div class="panel-heading" role="tab" id="headingTwo"  style="background-color: rgba(204, 204, 204, 0.68)">\n      <h4 class="panel-title">\n        <a class="collapsed" role="button" data-toggle="collapse" data-parent="#accordion" href="#collapseTwo" aria-expanded="false" aria-controls="collapseTwo">\n         Nur Asiah, Komisaris Independen\n        </a>\n      </h4>\n    </div>\n    <div id="collapseTwo" class="panel-collapse collapse" role="tabpanel" aria-labelledby="headingTwo" >\n      <div class="panel-body">\n<div class="row">\n          <div class="col-md-2"><img src="http://arthavest.com/plugins/uploaded/nur.png" width="100%"></div>\n         <div class="col-md-10">\n   \n     Warga Negara Indonesia, lahir di Jakarta pada tahun 1975. Menyelesaikan pendidikan terakhirnya di Universitas Islam Jakarta. Beliau menjabat sebagai Komisaris Independen Perseroan sejak bulan Maret 2011. Sebelum bergabung dengan Perseroan, beliau telah memiliki banyak pengalaman dalam menangani kasus-kasus kepailitan khususnya perusahaan terbuka. Sejak tahun 2008 menjabat sebagai anggota Dewan Kehormatan Ikatan Kurator dan Pengurus Indonesia.</div></div>\n      </div>\n    </div>\n  </div>\n  <div class="panel panel-default">\n    <div class="panel-heading" role="tab" id="headingThree" style="    background-color: rgba(255, 193, 7, 0.58);">\n      <h4 class="panel-title">\n        <a class="collapsed" role="button" data-toggle="collapse" data-parent="#accordion" href="#collapseThree" aria-expanded="false" aria-controls="collapseThree">\n          Harjanto Kurniady Tjandra,Komisaris\n        </a>\n      </h4>\n    </div>\n    <div id="collapseThree" class="panel-collapse collapse" role="tabpanel" aria-labelledby="headingThree">\n      <div class="panel-body">\n<div class="row">\n          <div class="col-md-2"><img src="	http://arthavest.com/plugins/uploaded/harjanto.JPG" width="100%"></div>\n         <div class="col-md-10">\n    \n    Warga Negara Indonesia, lahir di Jakarta pada tahun 1972. Memperoleh gelar Sarjana Ekonomi dari Universitas Tarumanegara pada tahun 1992. Pernah menjabat sebagai Komisaris Utama PT.Kokoh Inti Arebama Tbk tahun 2007-2008,2010-2011, Chief Executive Officer PT.Persada Alam Hijau tahun 2012-2014 dan Direktur Utama PT.Mega Resources Investment tahun 2014-2015. Dan beliau diangkat sebagai salah satu anggota komisaris perseroan sejak 20 Juni 2016.</div></div>\n      </div>\n    </div>\n  </div>\n</div>'),
(11, 54, '<h2><strong>PT Sanggraha Dhika</strong></h2>\n\n<p>PT Sanggraha Dhika adalah perusahaan&nbsp;yang mengelola aset tunggal Perseroan saat&nbsp;ini yaitu Hotel REDTOP, sebuah hotel bisnis berbintang 4, berlokasi di Jalan&nbsp;Pecenongan&nbsp;No. 72, Jakarta Pusat.</p>\n\n<p>Hotel REDTOP memiliki bangunan 15 lantai&nbsp;dengan ciri khas berkubah warna merah&nbsp;pada puncak gedung, dengan luas lantai&nbsp;42.461 meter2 yang dibangun di atas area&nbsp;seluas 8.205 meter2. Didalamnya, sebanyak&nbsp;390 kamar suite telah disiapkan dengan&nbsp;akomodasi dan fasilitas hotel bintang 4.</p>\n\n<p>Sejumlah fasilitas utama yang ditawarkan&nbsp;antara lain, convention &amp; banquet, ruang&nbsp;pertemuan &amp; business center, serta olahraga dan spa.</p>\n\n<p><a href="http://www.redtophotel.com/" target="_blank">Website</a></p>\n\n<p>&nbsp;</p>\n', ''),
(12, 43, '', ''),
(13, 44, '<p>The Company started its commercial operation in the field of business investment in back in 1992, and currently located on Jalan Pecenongan No. 72, Komplek Ruko Atap Merah Blok B1, Kebon Kelapa, Gambir, Jakarta Pusat.</p>\n\n<p>Starting from August 2011, the company purchased 51% of PT.Sanggraha Dhika which is the owner and manager of the REDTOP Hotel, located on Jalan Pecenongan No. 72, Central Jakarta.</p>\n', ''),
(14, 55, '<h3><strong>Vision</strong></h3>\n\n<p>To become an international investment company with a global networking and knowledge of market globalization.</p>\n\n<h3><strong>Mission</strong></h3>\n\n<ol>\n	<li>To conduct investment in companies both domestic and abroad.</li>\n	<li>Establish strategic alliances with other companies, either directly or through subsidiaries.</li>\n	<li>&nbsp;Improving human resources on a sustainable basis to create competent, qualified, professional, loyal and highly dedicated employees.</li>\n</ol>\n', ''),
(15, 59, '<h1>PT Sanggraha Dhika</h1>\n\n<p>PT Sanggraha Dhika is a company that manages the sole assets of the Company, the REDTOP Hotel, a 4-star business hotel, located in Jalan Pecenongan No. 72, Central Jakarta.</p>\n\n<p>Until the present, the main activity of the Company is to run a business, manage, and maintain REDTOP Hotel. REDTOP Hotel has a 15 floor building which is characterized by its red colored dome on top of the building, with a floor area of 42 461 square meter built on an area of 8,205 square meter. The Hotel has 390-suite rooms, all equipped with the accommodation and facilities of a 4 star hotel.</p>\n\n<p>A number of major facilities offered, such as: convention &amp; banquet, meeting rooms &amp;&nbsp;business center, as well as sports center and spa.</p>\n\n<p><a href="http://www.redtophotel.com/" target="_blank">Website</a></p>\n', ''),
(16, 56, '', '<div class="panel-group" id="accordion" role="tablist" aria-multiselectable="true" >\n  <div class="panel panel-default">\n    <div class="panel-heading" role="tab" id="headingOne" style="    background-color: rgba(255, 193, 7, 0.58);">\n      <h4 class="panel-title">\n        <a role="button" data-toggle="collapse" data-parent="#accordion" href="#collapseOne" aria-expanded="true" aria-controls="collapseOne">\n          Buntardjo Hartadi Sutanto, President Commissioner\n        </a>\n      </h4>\n    </div>\n    <div id="collapseOne" class="panel-collapse collapse in" role="tabpanel" aria-labelledby="headingOne">\n      <div class="panel-body">\n        <div class="row">\n          <div class="col-md-2"><img src="http://arthavest.com/plugins/uploaded/buntardjo.png" width="100%"></div>\n         <div class="col-md-10">\n     Indonesian citizen, born in Jember in 1943. He served as President Director of PT Bank Bisnis International in 1997-2002, PT Bank Anglomas International in 2003-2004, PT Batavia Prosperindo International in 2007-2009 and PT Batavia Prosperindo Finance Tbk 2007-2011. He also served as a Commissioner of PT Batavia Prosperindo Securities in 2006-2010. He was appointed as President Commissioner of the Company since March 2011.</div></div>\n      </div>\n    </div>\n  </div>\n  <div class="panel panel-default"  >\n    <div class="panel-heading" role="tab" id="headingTwo"  style="background-color: rgba(204, 204, 204, 0.68)">\n      <h4 class="panel-title">\n        <a class="collapsed" role="button" data-toggle="collapse" data-parent="#accordion" href="#collapseTwo" aria-expanded="false" aria-controls="collapseTwo">\n         Nur Asiah, Independent Commissioner\n        </a>\n      </h4>\n    </div>\n    <div id="collapseTwo" class="panel-collapse collapse" role="tabpanel" aria-labelledby="headingTwo" >\n      <div class="panel-body">\n<div class="row">\n          <div class="col-md-2"><img src="http://arthavest.com/plugins/uploaded/nur.png" width="100%"></div>\n         <div class="col-md-10">\n   \n     Indonesian citizen, born in Jakarta in 1975. She graduated from the Islamic University in Jakarta. She serves as Independent Commissioner of the Company since March 2011. Prior to joining the Company, she has extensive experiences in dealing with bankruptcy cases, especially for public companies. Since 2008, she serves as a member of the Honorary Board of the Association of Indonesian Curators.</div></div>\n      </div>\n    </div>\n  </div>\n  <div class="panel panel-default">\n    <div class="panel-heading" role="tab" id="headingThree" style="    background-color: rgba(255, 193, 7, 0.58);">\n      <h4 class="panel-title">\n        <a class="collapsed" role="button" data-toggle="collapse" data-parent="#accordion" href="#collapseThree" aria-expanded="false" aria-controls="collapseThree">\n          Harjanto Kurniady Tjandra, Commissioner\n        </a>\n      </h4>\n    </div>\n    <div id="collapseThree" class="panel-collapse collapse" role="tabpanel" aria-labelledby="headingThree">\n      <div class="panel-body">\n<div class="row">\n          <div class="col-md-2"><img src="http://arthavest.com/plugins/uploaded/harjanto.JPG" width="100%"></div>\n         <div class="col-md-10">\n   Indonesian citizen, born in Jakarta in 1972. He earned a Bachelor Degree of Economics from Tarumanegara University in 1992. He served as President Commissioner of PT.Kokoh Inti Arebama in 2007-2008, 2010-2011, Chief Executive Officer of PT.Persada Alam Hijau in 2012-2014 and President Director of PT.Mega Resources Investment in 2014-2015. He was appointed as a member of the board of Commissioners of the Company since 20 June 2016</div></div>\n      </div>\n    </div>\n  </div>\n</div>'),
(17, 57, '', '<div class="panel-group" id="accordion" role="tablist" aria-multiselectable="true" >\n<div class="panel panel-default"  >\n    <div class="panel-heading" role="tab" id="collapseFour"  style="background-color: rgba(204, 204, 204, 0.68)">\n      <h4 class="panel-title">\n        <a class="collapsed" role="button" data-toggle="collapse" data-parent="#accordion" href="#collapseFour" aria-expanded="false" aria-controls="collapseTwo">\n       Yeremy Vincentius, President Director\n        </a>\n      </h4>\n    </div>\n    <div id="collapseFour" class="panel-collapse collapse in" role="tabpanel" aria-labelledby="headingTwo" >\n      <div class="panel-body">\n<div class="row">\n          <div class="col-md-2"><img src="http://arthavest.com/plugins/uploaded/jeremy.png" width="100%"></div>\n         <div class="col-md-10">\n   \nIndonesian citizen, born in Jakarta in 1987. He earned a Bachelor in Accounting from Indonesia University in 2009. He served as Senior Analyst PT Ciptadana Capital in 2010-2013, Assosiate TAEL Asset Management in 2013-2014 and PT Dinamika Wisesa Murni as Director since 2014. He was one of the Commissioners of the Company for the period June 2015 - June 2016 and was appointed as President Director since 20 June 2016</div></div>\n      </div>\n    </div>\n  </div>\n\n  <div class="panel panel-default">\n    <div class="panel-heading" role="tab" id="headingOne" style="    background-color: rgba(255, 193, 7, 0.58);">\n      <h4 class="panel-title">\n        <a role="button" data-toggle="collapse" data-parent="#accordion" href="#collapseOne" aria-expanded="true" aria-controls="collapseOne">\n         Tsun Tien Wen Lie, Director\n        </a>\n      </h4>\n    </div>\n    <div id="collapseOne" class="panel-collapse collapse" role="tabpanel" aria-labelledby="headingOne">\n      <div class="panel-body">\n        <div class="row">\n          <div class="col-md-2"><img src="http://arthavest.com/plugins/uploaded/wenlie.png" width="100%"></div>\n <div class="col-md-10">\n   Indonesian citizen, born in Bandung in 1966. He earned a Bachelor in Accounting from STIE Tridharma Bandung in 1990, a Bachelor of Law from Padjadjaran University in 1991 and a Masters in International Management from Prasetya Mulya Business School in 1998. He served as Finance Director in some other companies’ prior on joining the Company. He was the Finance Director of the Company since March 2011 and the President Director for the period June 2013- June 2016, He was appointed as Director of company effective since 20 June 2016.</div></div>\n      </div>\n    </div>\n  </div>\n  <div class="panel panel-default"  >\n    <div class="panel-heading" role="tab" id="headingTwo"  style="background-color: rgba(204, 204, 204, 0.68)">\n      <h4 class="panel-title">\n        <a class="collapsed" role="button" data-toggle="collapse" data-parent="#accordion" href="#collapseTwo" aria-expanded="false" aria-controls="collapseTwo">\n         Henry Fitriansyah Yusuf, Director\n        </a>\n      </h4>\n    </div>\n    <div id="collapseTwo" class="panel-collapse collapse" role="tabpanel" aria-labelledby="headingTwo" >\n      <div class="panel-body">\n<div class="row">\n          <div class="col-md-2"><img src="http://arthavest.com/plugins/uploaded/henry.png" width="100%"></div>\n         <div class="col-md-10">\n   \n Indonesian citizen, born in London in 1974. Studied economics at The City College of the City University of New York until graduated from the Master program (1999). As Capital Market Senior Level Executive, he served as Managing Director, of PT Trimegah Securities Tbk. (2009-2010) and Managing Director Asiariver Capital Pte Ltd, Singapore (2010). He was appointed as Director of the Company since June 2013</div></div>\n      </div>\n    </div>\n  </div>\n  <div class="panel panel-default">\n    <div class="panel-heading" role="tab" id="headingThree" style="    background-color: rgba(255, 193, 7, 0.58);">\n      <h4 class="panel-title">\n        <a class="collapsed" role="button" data-toggle="collapse" data-parent="#accordion" href="#collapseThree" aria-expanded="false" aria-controls="collapseThree">\n         Chan Shih Mei, Independent Directors\n        </a>\n      </h4>\n    </div>\n    <div id="collapseThree" class="panel-collapse collapse" role="tabpanel" aria-labelledby="headingThree">\n      <div class="panel-body">\n<div class="row">\n          <div class="col-md-2"><img src="http://arthavest.com/plugins/uploaded/sheimey.jpg" width="100%"></div>\n         <div class="col-md-10">\n    \n   Malaysian citizen, born in Perak in 1965 Graduated Summa Cum Laude from the Department of Accounting, University of Texas at Austin, USA. He has more than 25 years in finance, accounting, legal, and corporate. Has held various corporate finance and accounting positions at PT. Lippo Cikarang, PT. Lippo Karawaci Tbk., PT. Broadband Multimedia (1993- 2004) to Director of PT. Natrindo Telepon Seluler (2005-2007). He serves as a Director of the Company since June 2013</div></div>\n      </div>\n    </div>\n  </div>\n</div>'),
(18, 58, '<p><img alt="" src="http://arthavest.com/plugins/uploaded/Struktur_Org33.jpg" style="height:388px; width:550px" /></p>\n', ''),
(19, 61, '<p>Perusahaan melalui jajaran Dewan Komisaris, Direksi dan seluruh karyawan berkomitmen untuk menerapkan tata kelola perusahaan yang baik. Manajemen memandang bahwa budaya perusahaan yang baik hanya dapat dibangun apabila perusahaan menjalankan tata kelola perusahaan dengan baik, konsisten, terus melakukan inovasi dan penyempurnaan. Tujuan utama dilaksanakannya tata kelola perusahaan yang baik adalah untuk mengoptimalkan nilai perusahaan bagi pemegang saham dan pemangku kepentingan lainnya dalam jangka panjang. Untuk mendukung penerapan tata kelola perusahaan yang baik tersebut, maka diperlukan suatu pedoman Tata Kelola Perusahaan yang dapat digunakan sebagai arahan pelaksanaan tata kelola perusahaan yang baik.</p>\n\n<p>Prinsip&ndash;prinsip tata kelola perusahaan yang baik</p>\n\n<p><strong>Transparansi</strong></p>\n\n<p>Perusahaan menerapkan prinsip transparansi dengan cara menyediakan informasi yang bersifat material dan relevan, serta mudah diakses dan dipahami oleh pemangku kepentingan. Memberikan suatu informasi yang terbuka, tepat waktu serta jelas dan dapat diperbandingkan, yang menyangkut keadaan keuangan, pengelolaan perusahaan dan kepemilikan perusahaan.</p>\n\n<p><strong>Akuntabilitas</strong></p>\n\n<p>Perusahaan menerapkan prinsip akuntabilitas dengan cara senantiasa mempertanggung jawabkan kinerjanya secara transparan dan wajar. Hal tersebut dilakukan dengan pengelolaan yang benar, terukur dan sesuai kepentingan, visi dan misi serta tujuan perusahaan.</p>\n\n<p><strong>Tanggung Jawab</strong></p>\n\n<p>Perusahaan menerapkan prinsip pertanggungjawaban dengan menerapkan dan mematuhi peraturan perundangan yang berlaku dan turut serta bertanggung jawab baik kepada masyarakat maupun lingkungan, sehingga kesinambungan usaha perusahaan dalam jangka panjang dapat terwujud dan terpelihara.</p>\n\n<p><strong>Independensi</strong></p>\n\n<p>Perusahaan dikelola secara profesional tanpa benturan kepentingan dan pengaruh / tekanan dari pihak manapun yang tidak sesuai dengan peraturan perundang&ndash;undangan yang berlaku dan prinsip&ndash;prinsip korporasi yang sehat.</p>\n\n<p><strong>Kewajaran</strong></p>\n\n<p>Perusahaan menerapkan prinsip kewajaran melalui penerapan perundangan yang berimbang dengan tidak memihak diantara pemangku kepentingan dan mencakup perlakuan yang adil dan setara dalam memenuhi hak &ndash; hak pemangku kepentingan yang timbul berdasarkan perjanjian serta peraturan perundangan yang berlaku. Adanya kejelasan hak &ndash; hak pemodal, sistem hukum dan penegakan peraturan untuk melindungi hak hak pemodal, khususnya pemegang saham minoritas. Berdasarkan konsep tersebut dan sesuai dengan peraturan yang berlaku di bidang pasar modal Indonesia, perusahaan melakukan berbagai upaya dan kegiatan untuk memenuhi prinsip-prinsip yang disyaratkan dalam penyelenggaraan tata kelola perusahaan sesuai dengan karakteristik usaha Perusahaan.</p>\n', ''),
(20, 62, '<p>Perusahaan memiliki Kode Etik Perilaku Karyawan yang berlaku bagi seluruh level organisasi. Kode Etik Perilaku Karyawan memberikan panduan yang jelas atas nilai&ndash;nilai luhur yang dianut oleh Perusahaan dengan tujuan agar tingkah laku, mental dan moral karyawan selaras dengan nilai-nilai luhur yang dianut oleh Perusahaan. Kode Etik Perilaku Karyawan memberikan panduan kepada karyawan Perusahaan untuk:</p>\n\n<p>1. Mematuhi peraturan Internal dan eksternal antara lain Peraturan Pasar Modal, Pemerintah dan atau Asosiasi</p>\n\n<p>2. Menolak penyuapan dan korupsi</p>\n\n<p>3. Menghindari berkompromi karena hadiah dan hiburan</p>\n\n<p>4. Aktif dalam menyampaikan suatu pelanggaran yang diketahui</p>\n\n<p>5. Mencegah pencucian uang</p>\n\n<p>6. Menghindari benturan kepentingan</p>\n\n<p>7. Tidak bertransaksi saham Perusahaan ketika memiliki informasi orang dalam</p>\n\n<p>8. Tidak melakukan kecurangan dalam menawarkan produk atau jasa</p>\n\n<p>9. Cepat tanggap dalam menangani keluhan pelanggan</p>\n\n<p>10. Menjaga kerahasiaan dan perlindungan informasi dan data</p>\n\n<p>11. Memperlakukan karyawan dengan adil</p>\n\n<p>12. Terbuka dan jujur kepada Pemangku Peraturan (Regulator)</p>\n\n<p>13. Menjaga sikap dan perilaku positif</p>\n\n<p>14. Menjaga dan memelihara peralatan dan fasilitas Perusahaan</p>\n\n<p>15. Kebebasan berpolitik yang bertanggung jawab.</p>\n', ''),
(21, 64, '<p>Sekretaris Perusahaan dibentuk sebagai bentuk komitmen terhadap penerapan tata kelola perusahaan.</p>\n\n<h2>Profil Sekretaris Perusahaan</h2>\n\n<p><strong>Tsun Tien Wen Lie </strong></p>\n\n<p>Warga Negara Indonesia, lahir di Bandung pada tahun 1966. Memperoleh gelar Sarjana Akuntansi dari STIE Tridharma Bandung pada tahun 1990, Sarjana Hukum dari&nbsp;Universitas Padjadjaran Bandung pada tahun 1991 dan Magister Manajemen Internasional dari Sekolah Bisnis Prasetiya Mulya pada tahun 1998. Pernah menjabat sebagai Direktur Keuangan pada beberapa perusahaan. Beliau menjabat sebagai Sekretaris Perusahaan sejak Juli 2011 hingga saat ini.</p>\n', ''),
(22, 63, '<p>Sebagai perusahaan yang tercatat di Bursa Efek Indonesia, PT Arthavest Tbk berkewajiban untuk mematuhi peraturan dan ketentuan yang tertuang dalam Peraturan Pasar Modal No. IX.1.5 tentang Pembentukan dan Pedoman Pelaksanaan Kerja Komite Audit. Dalam rangka itulah, Perusahaan membentuk Komite Audit untuk membantu Dewan Komisaris Perusahaan dalam melaksanakan tugas dan tanggung jawab pengawasan terhadap jalannya kegiatan usaha Perusahaan. Berikut profil anggota Komite Audit Perusahaan :</p>\r\n\r\n\r\n<div class="panel-group" id="accordion" role="tablist" aria-multiselectable="true" >\r\n  <div class="panel panel-default">\r\n    <div class="panel-heading" role="tab" id="headingOne" style="    background-color: rgba(255, 193, 7, 0.58);">\r\n      <h4 class="panel-title">\r\n        <a role="button" data-toggle="collapse" data-parent="#accordion" href="#collapseOne" aria-expanded="true" aria-controls="collapseOne">\r\n         Nur Asiah\r\n        </a>\r\n      </h4>\r\n    </div>\r\n    <div id="collapseOne" class="panel-collapse collapse in" role="tabpanel" aria-labelledby="headingOne">\r\n      <div class="panel-body">\r\n        Warga Negara Indonesia, lahir di Jakarta, tahun 1975. Menyelesaikan pendidikan terakhir di Universitas Islam, Jakarta. Menjabat sebagai Ketua Komite Audit sejak Maret 2011 dan merangkap sebagai Komisaris Independen Perusahaan.\r\n      </div>\r\n    </div>\r\n  </div>\r\n  <div class="panel panel-default"  >\r\n    <div class="panel-heading" role="tab" id="headingTwo"  style="background-color: rgba(204, 204, 204, 0.68)">\r\n      <h4 class="panel-title">\r\n        <a class="collapsed" role="button" data-toggle="collapse" data-parent="#accordion" href="#collapseTwo" aria-expanded="false" aria-controls="collapseTwo">\r\n          Ervina\r\n        </a>\r\n      </h4>\r\n    </div>\r\n    <div id="collapseTwo" class="panel-collapse collapse" role="tabpanel" aria-labelledby="headingTwo" >\r\n      <div class="panel-body">\r\n       Warga Negara Indonesia, lahir di Jakarta, 15 September 1982. Menyelesaikan pendidikan terakhir di Sekolah Tinggi Ilmu Ekonomi Rawamangun, Jakarta. Menjabat sebagai Anggota Komite Audit Perusahaan sejak 21 November 2013.\r\n      </div>\r\n    </div>\r\n  </div>\r\n  <div class="panel panel-default">\r\n    <div class="panel-heading" role="tab" id="headingThree" style="    background-color: rgba(255, 193, 7, 0.58);">\r\n      <h4 class="panel-title">\r\n        <a class="collapsed" role="button" data-toggle="collapse" data-parent="#accordion" href="#collapseThree" aria-expanded="false" aria-controls="collapseThree">\r\n          Masni Chou\r\n        </a>\r\n      </h4>\r\n    </div>\r\n    <div id="collapseThree" class="panel-collapse collapse" role="tabpanel" aria-labelledby="headingThree">\r\n      <div class="panel-body">\r\n     Warga Negara Indonesia, lahir di Bagansi api-api, 11 Oktober 1981. Menyelesaikan pendidikan terakhir di Universitas Jenderal Sudirman, Purwokerto. Menjabat sebagai Anggota Komite Audit Perusahaan sejak 25 Mei 2012.\r\n      </div>\r\n    </div>\r\n  </div>\r\n</div>', ''),
(23, 65, '<p>The Company through its Board of Commissioners, Board of Directors and all of its employees are committed to implement good corporate governance. In management views, a good corporate culture can only be develop if the Company maintains a thorough and consistent good corporate governance by continuously conducting innovation and improvement. The main goal of good corporate governance is to optimize long-term Company values for all of its shareholders as well to other stakeholders. In order to maintain a well supervised good corporate governance implementation, the Company requires a Corporate Governance Guidance which can be utilized as an archetype to carry on a good corporate governance.</p>\n\n<p><strong>Transparency </strong></p>\n\n<p>The Company put the principles into practices by providing relevant and material informations with an accessible means of approach and easy to comprehend for the stakeholders. The Company must delivers transparent, punctual, clear and comparable information, all of which related to the financial situation, company management and ownership.<br />\n<strong>Accountability</strong></p>\n\n<p>The Company conducts the principles of good corporate governance by continuouly being responsible upon its performances in a decent and transparent manner. It is conducted in the most acceptable and measurable way, and in accordance to the interest of the Company, its visions and missions, as well corporate goals.</p>\n\n<p><strong>Transparency</strong></p>\n\n<p>The Company put the principles into practices by providing relevant and material informations with an accessible means of approach and easy to comprehend for the stakeholders. The Company must delivers transparent, punctual, clear and comparable information, all of which related to the financial situation, company management and ownership.</p>\n\n<p><strong>Accountability</strong></p>\n\n<p>The Company conducts the principles of good corporate governance by continuouly being responsible upon its performances in a decent and transparent manner. It is conducted in the most acceptable and measurable way, and in accordance to the interest of the Company, its visions and missions, as well corporate goals.</p>\n', ''),
(24, 67, '<p>The Company has a Code of Conduct that applies to all levels of the organization. Code of Conduct provides clear guidance on noble values espoused by the Company with the aim of to align the behavioral, mental and moral aspects of all employees with the noble values adopted by the Company.&nbsp;</p>\n\n<p>Code of Conduct provides guidance to employees of the Company to:&nbsp;</p>\n\n<ol>\n	<li>Comply with internal and external regulations, among others, the Capital Markets Regulation, Government and or Association&nbsp;</li>\n	<li>Refuse bribery and corruption&nbsp;</li>\n	<li>Avoid compromise because gifts and entertainment&nbsp;</li>\n	<li>Active in informing a known violation&nbsp;</li>\n	<li>Preventing money laundering&nbsp;</li>\n	<li>Avoiding conflicts of interest&nbsp;</li>\n	<li>Not trading shares of the Company when in possession of inside information&nbsp;</li>\n	<li>Not committing fraud in offering products or services&nbsp;</li>\n	<li>Quick responsiveness in dealing with customer complaints&nbsp;</li>\n	<li>Maintain confidentiality and protection of information and data&nbsp;</li>\n	<li>Treat employees fairly&nbsp;</li>\n	<li>Open and honest to Stakeholder (Regulator)&nbsp;</li>\n	<li>Maintain positive attitude and behavior&nbsp;</li>\n	<li>Keeping and maintaining equipment and facilities of the Company&nbsp;</li>\n	<li>Responsible political freedom&nbsp;</li>\n</ol>\n\n<p>&nbsp;</p>\n', ''),
(25, 68, '<p>As a public company whose shares are listed on the Indonesia Stock Exchange, PT Arthavest Tbk is obliged to abide by the rules and regulations contained in the Capital Markets Regulation No. IX.1.5 on the Formation and Guidance of Working Procedure of the Audit Committee. The Company established an Audit Committee to assist the Board of Commissioners in carrying out its supervisory duties and responsibilities over the course of the Company''s operations. The following are the profile of the Company''s Audit Committee </p>\r\n\r\n\r\n<div class="panel-group" id="accordion" role="tablist" aria-multiselectable="true">\r\n  <div class="panel panel-default">\r\n    <div class="panel-heading" role="tab" id="headingOne" style="    background-color: rgba(255, 193, 7, 0.58);">\r\n      <h4 class="panel-title">\r\n        <a role="button" data-toggle="collapse" data-parent="#accordion" href="#collapseOne" aria-expanded="true" aria-controls="collapseOne">\r\n         Nur Asiah\r\n        </a>\r\n      </h4>\r\n    </div>\r\n    <div id="collapseOne" class="panel-collapse collapse in" role="tabpanel" aria-labelledby="headingOne">\r\n      <div class="panel-body">\r\n        Indonesian citizen, born in Jakarta, in 1975. Graduated from the Islamic University, Jakarta. She has served as Chairman of the Audit Committee since March 2011 and serves as Independent Commissioner of the Company. \r\n      </div>\r\n    </div>\r\n  </div>\r\n  <div class="panel panel-default">\r\n    <div class="panel-heading" role="tab" id="headingTwo" style="background-color: rgba(204, 204, 204, 0.68)">\r\n      <h4 class="panel-title">\r\n        <a class="collapsed" role="button" data-toggle="collapse" data-parent="#accordion" href="#collapseTwo" aria-expanded="false" aria-controls="collapseTwo">\r\n          Ervina\r\n        </a>\r\n      </h4>\r\n    </div>\r\n    <div id="collapseTwo" class="panel-collapse collapse" role="tabpanel" aria-labelledby="headingTwo">\r\n      <div class="panel-body">\r\n      Indonesian citizen, born in Jakarta, 15 September 1982. Graduated from the School of Economics Rawamangun, Jakarta. She has served as a Member of the Audit Committee since 21 November 2013. \r\n      </div>\r\n    </div>\r\n  </div>\r\n  <div class="panel panel-default">\r\n    <div class="panel-heading" role="tab" id="headingThree" style="    background-color: rgba(255, 193, 7, 0.58);">\r\n      <h4 class="panel-title">\r\n        <a class="collapsed" role="button" data-toggle="collapse" data-parent="#accordion" href="#collapseThree" aria-expanded="false" aria-controls="collapseThree">\r\n          Masni Chou\r\n        </a>\r\n      </h4>\r\n    </div>\r\n    <div id="collapseThree" class="panel-collapse collapse" role="tabpanel" aria-labelledby="headingThree">\r\n      <div class="panel-body">\r\n   Indonesian citizen, born in Bagansi api-api, October 11 1981. He graduated last in the University General Sudirman, Purwokerto. He has served as a Member of the Audit Committee since May 25, 2012. \r\n      </div>\r\n    </div>\r\n  </div>\r\n</div>', ''),
(26, 69, '<p>Corporate&nbsp;&nbsp;Secretary has&nbsp;established as a commitment to the implementation of best practices of Corporate Government&nbsp;</p>\n\n<h2>Profile Corporate Secretary&nbsp;</h2>\n\n<p><strong>Tsun Tien Wen Lie&nbsp;</strong></p>\n\n<p>Indonesian citizen, born in Bandung in 1966. He earned a Bachelor in Accounting from STIE Tridharma Bandung in 1990, a Bachelor of Law from Padjadjaran University in 1991 and a&nbsp;Masters in International Management from Prasetya Mulya Business School in 1998. He served as Finance Director in some other companies&rsquo; prior on joining the Company. He served as the Finance Director of the Company since March 2011 and was appointed as President Director since July&nbsp;2011&nbsp;until today.&nbsp;</p>\n', ''),
(27, 40, '', '<iframe src="https://www.google.com/maps/d/embed?mid=1ANgbSS1gQaX7uFaQjoTJaDT8jZc" width="640" height="480"></iframe>'),
(28, 71, '<h3>Tanggung jawab social perusahaan bukanlah sekedar kewajiban yang harus dipenuhi oleh perusahaan, kami yakin bahwa dengan melakukan program Tanggung Jawab Sosial Perusahaan yang berkesinambungan maka perusahaan akan dapat memberikan kontribusi yang berdampak baik kepada masyarakat sekitar.</h3>\n', ''),
(52, 103, '<p><strong>Aksi Donor Darah</strong></p>\n\n<p><img alt="" src="http://arthavest.com/plugins/uploaded/csr1.png" style="height:99px; width:150px" /><br />\nAksi Donor Darah pada tahun 2014 mendapatkan respon&nbsp;yang sangat baik sehingga diadakan sebanyak 2 (dua) kali&nbsp;yaitu pada tanggal pada 7 Februari 2014 dan 19 September&nbsp;2014. Kegiatan&nbsp;donor darah ini diikuti oleh karyawan dan&nbsp;manajemen Hotel REDTOP dengan bekerja sama dengan&nbsp;Palang Merah Indonesia (PMI) Pusat yang berkedudukan&nbsp;di Kramat, Jakarta Pusat.&nbsp;Selama tahun 2014, aksi donor&nbsp;darah ini berhasil mengumpulkan 96 kantong darah dari&nbsp;105 orang pendonor.Aksi Donor Darah pada tahun 2014 mendapatkan respon&nbsp;yang sangat baik&nbsp;sehingga diadakan sebanyak 2 (dua) kali&nbsp;yaitu pada tanggal pada 7 Februari 2014 dan 19 September&nbsp;2014. Kegiatan donor darah ini diikuti oleh karyawan dan&nbsp;manajemen Hotel REDTOP dengan bekerja sama dengan&nbsp;Palang Merah Indonesia (PMI) Pusat yang berkedudukan&nbsp;di Kramat, Jakarta Pusat. Selama tahun 2014, aksi donor&nbsp;darah ini berhasil mengumpulkan 96 kantong&nbsp;darah dari&nbsp;105 orang pendonor.</p>\n\n<p>&nbsp;</p>\n\n<p><strong>Buka Puasa Bersama</strong></p>\n\n<p><img alt="" src="http://arthavest.com/plugins/uploaded/csr2.png" style="height:99px; width:150px" /></p>\n\n<p>Pada Bulan suci Ramadhan, Perusahaan menyelenggarakan&nbsp;acara buka puasa bersama. Acara ini diadakan pada 21 Juli&nbsp;2014. Perusahaan mengundang anak - anak yatim piatu,&nbsp;warga&nbsp;sekitar dan rekan media serta dihadiri oleh segenap&nbsp;manajemen dan karyawan Hotel REDTOP. Pada kesempatan&nbsp;ini pula, Hotel REDTOP memberikan bingkisan berupa tas&nbsp;sekolah dan seperangkat alat makan kepada anak-anak&nbsp;yatim piatu.&nbsp;Acara yang berlangsung di Emerald Ballroom ini merupakan&nbsp;salah satu bentuk kepedulian dan upaya Hotel Redtop&nbsp;untuk&nbsp;mempererat tali silaturrahmi dan kebersamaan dengan&nbsp;masyarakat sekitar.</p>\n', ''),
(29, 70, '<p>Corporate social responsibility was not just a mere obligationwhich must be fulfilled by the Company. We believe that by conducting a sustainable Corporate Social Responsibility program, the Company would be able to contribute a good impact to the surrounding communities.</p>\n', ''),
(53, 104, '<p><strong>Blood Donation</strong></p>\n\n<p><strong><img alt="" src="http://arthavest.com/plugins/uploaded/csr1.png" style="height:99px; width:150px" /></strong></p>\n\n<p>The 2014 Blood Donation Program received a very good&nbsp;response, hence it was held 2 (two) times, first on on&nbsp;February 7, 2014 and second in September 19, 2014. This&nbsp;Blood Donor Program was participated by REDTOP Hotel&nbsp;employees and Managements in collaboration with the&nbsp;Indonesian Red Cross (PMI) based in Kramat Center, Central&nbsp;Jakarta. During 2014, the Blood&nbsp;Donation Program was able&nbsp;to collect 96 bags of blood from 105 donors.</p>\n\n<p><strong>Breaking the fast together</strong></p>\n\n<p><strong><img alt="" src="http://arthavest.com/plugins/uploaded/csr2.png" style="height:99px; width:150px" /></strong></p>\n\n<p>in the holy month of Ramadan, the Company organizes a&nbsp;breaking the fast event which was held on July 21, 2014.&nbsp;The Company invited orphaned children, local residents,&nbsp;media partners and&nbsp;this event was attended by all of the&nbsp;management and employees of the REDTOP Hotel. In this&nbsp;occasion, REDTOP Hotel gave gifts such as school bags and&nbsp;a set of cutlery to the&nbsp;orphaned children.&nbsp;This event which was held at the Emerald Ballroom was&nbsp;a form of Redtop Hotel&rsquo;s courtesy and effort to tighten&nbsp;REDTOP Hotel&rsquo;s bond with the surrounding community.</p>\n', ''),
(30, 52, '', '<div class="panel-group" id="accordion" role="tablist" aria-multiselectable="true" >\n  <div class="panel panel-default">\n    <div class="panel-heading" role="tab" id="headingOne" style="    background-color: rgba(255, 193, 7, 0.58);">\n      <h4 class="panel-title">\n        <a role="button" data-toggle="collapse" data-parent="#accordion" href="#collapseOne" aria-expanded="true" aria-controls="collapseOne">\n         Yeremy Vincentius,Komisaris\n        </a>\n      </h4>\n    </div>\n    <div id="collapseOne" class="panel-collapse collapse in" role="tabpanel" aria-labelledby="headingOne">\n      <div class="panel-body">\n        <div class="row">\n          <div class="col-md-2"><img src="http://arthavest.com/plugins/uploaded/jeremy.png" width="100%"></div>\n <div class="col-md-10">\n    Warga Negara Indonesia, lahir di Jakarta pada tahun 1987. Memperoleh gelar Sarjana Akuntansi dari Universitas Indonesia pada tahun 2009. Pernah menjabat sebagai Senior Analyst PT.Ciptadana Capital tahun 2010-2013, Associate TAEL Asset Management tahun 2013-2014 dan Direktur PT.Dinamika Wisesa Murni sejak 2014. Beliau menjabat sebagai Komisaris Perseroan sejak Juni 2015-Juni 2016. Dan diangkat sebagai Direktur Utama Perseroan per 20 Juni 2016.</div></div>\n      </div>\n    </div>\n  </div>\n<div class="panel panel-default">\n    <div class="panel-heading" role="tab" id="headingFour" style="background-color: rgba(204, 204, 204, 0.68)">\n      <h4 class="panel-title">\n        <a role="button" data-toggle="collapse" data-parent="#accordion" href="#collapseFour" aria-expanded="true" aria-controls="collapseOne">\n         Tsun Tien Wen Lie, Direktur\n        </a>\n      </h4>\n    </div>\n    <div id="collapseFour" class="panel-collapse collapse" role="tabpanel" aria-labelledby="headingOne">\n      <div class="panel-body">\n        <div class="row">\n          <div class="col-md-2"><img src="http://arthavest.com/plugins/uploaded/wenlie.png" width="100%"></div>\n <div class="col-md-10">\n   Warga Negara Indonesia, lahir di Bandung pada tahun 1966. Memperoleh gelar Sarjana Akuntansi dari STIE Tridharma Bandung pada tahun 1990, Sarjana Hukum dari Universitas Padjadjaran Bandung pada tahun 1991 dan Magister Manajemen Internasional dari Sekolah Bisnis Prasetiya Mulya pada tahun 1998. Pernah menjabat sebagai Direktur Keuangan pada beberapa perusahaan. Beliau menjabat sebagai Direktur Keuangan Perseroan sejak Maret 2011 dan menjadi Direktur Utama sejak Juni 2013- Juni 2016. Per 20 Juni 2016, beliau menjabat sebagai Direktur Perseroan.</div></div>\n      </div>\n    </div>\n  </div>\n\n  <div class="panel panel-default"  >\n    <div class="panel-heading" role="tab" id="headingTwo" style="    background-color: rgba(255, 193, 7, 0.58);">\n      <h4 class="panel-title">\n        <a class="collapsed" role="button" data-toggle="collapse" data-parent="#accordion" href="#collapseTwo" aria-expanded="false" aria-controls="collapseTwo">\n         Henry Fitriansyah Yusuf, Direktur\n        </a>\n      </h4>\n    </div>\n    <div id="collapseTwo" class="panel-collapse collapse" role="tabpanel" aria-labelledby="headingTwo" >\n      <div class="panel-body">\n<div class="row">\n          <div class="col-md-2"><img src="http://arthavest.com/plugins/uploaded/henry.png" width="100%"></div>\n         <div class="col-md-10">\n   \n  Warga Negara Indonesia, lahir di Bandung pada tahun 1974. Mendalami ilmu ekonomi di The City College of the City University of New York hingga lulus program Magister (1999). Senior Level Capital Markets Executive ini pernah menjabat Managing Director, Capital Markets, PT Trimegah Securities Tbk. (2009-2010) dan Managing Director Asiariver Capital PTE LTD, Singapore (2010). Beliau menjabat sebagai Direktur Perseroan sejak bulan Juni 2013.</div></div>\n      </div>\n    </div>\n  </div>\n  <div class="panel panel-default">\n    <div class="panel-heading" role="tab" id="headingThree"  style="background-color: rgba(204, 204, 204, 0.68)">\n      <h4 class="panel-title">\n        <a class="collapsed" role="button" data-toggle="collapse" data-parent="#accordion" href="#collapseThree" aria-expanded="false" aria-controls="collapseThree">\n         Chan Shih Mei, Independen Direktur\n        </a>\n      </h4>\n    </div>\n    <div id="collapseThree" class="panel-collapse collapse" role="tabpanel" aria-labelledby="headingThree">\n      <div class="panel-body">\n<div class="row">\n          <div class="col-md-2"><img src="http://arthavest.com/plugins/uploaded/sheimey.jpg" width="100%"></div>\n         <div class="col-md-10">\n    \n   Warga Negara Malaysia, lahir di Perak pada tahun 1965. Lulusan Summa Cum Laude Jurusan Akuntansi University of Texas at Austin, Amerika Serikat. Berpengalaman lebih dari 25 tahun dalam bidang keuangan, akunting, hukum, dan korporasi. Pernah memegang berbagai jabatan corporate finance & accounting di PT. Lippo Cikarang, PT. Lippo Karawaci Tbk., PT. Broadband Multimedia (1993- 2004) hingga menjadi Direktur di PT. Natrindo Telepon Seluler (2005-2007). Beliau menjabat sebagai Direktur Perseroan sejak bulan Juni 2013.</div></div>\n      </div>\n    </div>\n  </div>\n</div>');
INSERT INTO `t_body` (`id_tbody`, `id_menu`, `isi_menu`, `embed`) VALUES
(31, 73, '<table border="2" cellpadding="1" cellspacing="1" style="width:500px">\n	<thead>\n		<tr>\n			<th scope="col">PEMEGANG SAHAM</th>\n			<th scope="col">JUMLAH SAHAM</th>\n			<th scope="col">PRESENTASE</th>\n		</tr>\n	</thead>\n	<tbody>\n		<tr>\n			<td>Lion Trust (Singapore) Limited</td>\n			<td>218.880.000</td>\n			<td>49,00%</td>\n		</tr>\n		<tr>\n			<td>Coutts And Co Ltd Hongkong</td>\n			<td>87.370.000</td>\n			<td>19,56%</td>\n		</tr>\n		<tr>\n			<td>Coutts And Co Ltd Hongkong</td>\n			<td>87.370.000</td>\n			<td>19,56%</td>\n		</tr>\n		<tr>\n			<td>Bank Of Singapore Limited</td>\n			<td>84.869.000</td>\n			<td>19,00%</td>\n		</tr>\n		<tr>\n			<td>Lucas SH CN</td>\n			<td>22.956.500</td>\n			<td>5.14%</td>\n		</tr>\n		<tr>\n			<td><strong>Total</strong></td>\n			<td><strong>414.075.500</strong></td>\n			<td><strong>92,70%</strong></td>\n		</tr>\n	</tbody>\n</table>\n\n<p>&nbsp;</p>\n', ''),
(32, 74, '<table border="2" cellpadding="1" cellspacing="1">\n	<thead>\n		<tr>\n			<th scope="col">SHAREHOLDERS</th>\n			<th scope="col">NUMBER OF SHARES</th>\n			<th scope="col">PERCENTAGE</th>\n		</tr>\n	</thead>\n	<tbody>\n		<tr>\n			<td>Lion Trust (Singapore) Limited</td>\n			<td>218.880.000</td>\n			<td>49,00%</td>\n		</tr>\n		<tr>\n			<td>Coutts And Co Ltd Hongkong</td>\n			<td>87.370.000</td>\n			<td>19,56%</td>\n		</tr>\n		<tr>\n			<td>Coutts And Co Ltd Hongkong</td>\n			<td>87.370.000</td>\n			<td>19,56%</td>\n		</tr>\n		<tr>\n			<td>Bank Of Singapore Limited</td>\n			<td>84.869.000</td>\n			<td>19,00%</td>\n		</tr>\n		<tr>\n			<td>Lucas SH CN</td>\n			<td>22.956.500</td>\n			<td>5.14%</td>\n		</tr>\n		<tr>\n			<td><strong>Total</strong></td>\n			<td><strong>414.075.500</strong></td>\n			<td><strong>92,70%</strong></td>\n		</tr>\n	</tbody>\n</table>\n', ''),
(33, 80, '<p><img alt="" src="http://arthavest.com/plugins/uploaded/tabel_pemegang_saham_-_english.jpg" style="height:192px; width:600px" /></p>\n', ''),
(34, 83, '<p><img alt="" src="	http://arthavest.com/plugins/uploaded/tabel_pemegang_saham_-_bahasa_indo.jpg" style="height:192px; width:600px" /></p>\n', ''),
(35, 85, '<p><img alt="" src="http://arthavest.com/plugins/uploaded/tabel_kronologi_pencatatan_saham_-_bahasa_indo.jpg" style="height:161px; width:600px" /></p>\n', ''),
(40, 95, '', 'Sekretaris Perusahaan dibentuk sebagai bentuk komitmen terhadap penerapan tata kelola perusahaan.\n\n<h4>Profil Sekretaris Perusahaan</h4>\n\n<img src="http://arthavest.com/plugins/uploaded/wenlie.png" width="200px">\n\n<p>Tsun Tien Wen Lie<p>\n<p>\nWarga Negara Indonesia, lahir di Bandung pada tahun 1966. Memperoleh gelar Sarjana Akuntansi dari STIE Tridharma Bandung pada tahun 1990, Sarjana Hukum dari Universitas Padjadjaran Bandung pada tahun 1991 dan Magister Manajemen Internasional dari Sekolah Bisnis Prasetiya Mulya pada tahun 1998. Pernah menjabat sebagai Direktur Keuangan pada beberapa perusahaan. Beliau menjabat sebagai Sekretaris Perusahaan sejak Juli 2011 hingga saat ini.</p>'),
(36, 84, '<p><img alt="" src="	http://arthavest.com/plugins/uploaded/tabel_kronologi_pencatatan_saham_-_english.jpg" style="height:161px; width:600px" /></p>\n', ''),
(56, 107, '<h3><strong>Laporan Keuangan&nbsp;2016</strong></h3>\n\n<p><a href="http://arthavest.com/plugins/uploaded/PT_Arthavest_Tbk_dan_Entitas_Anak_Dec_31,_2015.pdf" target="_blank">Periode pelaporan 2016</a></p>\n\n<p><a href="http://www.arthavest.com/plugins/uploaded/PT.Arthavest_Tbk_dan_Entitas_Anak_Mar_31,2016_Final.pdf" target="_blank">Kwartal I</a></p>\n\n<h3><strong>Laporan Keuangan&nbsp;2015</strong></h3>\n\n<p><a href="http://arthavest.com/plugins/uploaded/PT_Arthavest_Tbk_dan_Entitas_Anak_Dec_31,_2015.pdf" target="_blank">Periode pelaporan 2015</a></p>\n\n<p><a href="http://www.arthavest.com/plugins/uploaded/PT.Arthavest_Tbk_dan_Entitas_Anak_31_Mar_2015_(Tdk_Diaudit).pdf" target="_blank">Kwartal I</a></p>\n\n<p><a href="http://www.arthavest.com/plugins/uploaded/PT_Arthavest_Tbk_dan_Entitas_Anak_30_Juni_2015.pdf">Semester I</a></p>\n\n<p><a href="http://www.arthavest.com/plugins/uploaded/PT_Arthavest_Tbk_dan_Entitas_Anak_30_Sept_2015_(Tdk_Diaudit).pdf">Kwartal III</a></p>\n\n<p><a href="http://www.arthavest.com/plugins/uploaded/PT_Arthavest_Tbk_dan_Entitas_Anak_Dec_31,_2015.pdf">Semester II</a></p>\n\n<h3><strong>Laporan Keuangan&nbsp;2014</strong></h3>\n\n<p><a href="http://arthavest.com/plugins/uploaded/PT_Arthavest_Tbk_dan_Entitas_Anak_Dec_31,_2015.pdf" target="_blank">Periode pelaporan 2014</a></p>\n\n<p><a href="http://www.arthavest.com/plugins/uploaded/PT.Arthavest-Tbk-dan-Entitas-Anak-31-Mar-2014.pdf">Kwartal I</a></p>\n\n<p><a href="http://www.arthavest.com/plugins/uploaded/PT.Arthavest30Juni2014.pdf">Semester I</a></p>\n\n<p><a href="http://www.arthavest.com/plugins/uploaded/PT-Arthavest-Tbk-dan-Entitas-Anak-30-Sept-2014.pdf">Kwartal III</a></p>\n\n<p><a href="http://www.arthavest.com/plugins/uploaded/PT.Arthavest31Des2014.pdf">Semester II</a></p>\n\n<h3><strong>Laporan Keuangan&nbsp;2013</strong></h3>\n\n<p><a href="http://arthavest.com/plugins/uploaded/PT_Arthavest_Tbk_dan_Entitas_Anak_Dec_31,_2015.pdf" target="_blank">Periode pelaporan 2013</a></p>\n\n<p><a href="http://www.arthavest.com/plugins/uploaded/PT.Arthavest-Tbk-dan-Entitas-Anak-31-Mar-2013.pdf">Kwartal I</a></p>\n\n<p><a href="http://www.arthavest.com/plugins/uploaded/PT-Arthavest-Tbk-dan-Entitas-Anak-30-Juni-2013.pdf">Semester I</a></p>\n\n<p><a href="http://www.arthavest.com/plugins/uploaded/PT.Arthavest30Sept2013(Tdk_Diaudit).pdf">Kwartal III</a></p>\n\n<p><a href="http://www.arthavest.com/plugins/uploaded/PT.Arthavest-Tbk-dan-Entitas-Anak-31-Des-2013.pdf">Semester II</a></p>\n\n<h3><strong>Laporan Keuangan&nbsp;2012</strong></h3>\n\n<p><a href="http://arthavest.com/plugins/uploaded/PT_Arthavest_Tbk_dan_Entitas_Anak_Dec_31,_2015.pdf" target="_blank">Periode pelaporan 2012</a></p>\n\n<p><a href="http://www.arthavest.com/plugins/uploaded/PT.Arthavest31Maret2012.pdf">Kwartal I</a></p>\n\n<p><a href="http://www.arthavest.com/plugins/uploaded/PTArthavest30Juni2012.pdf">Semester I</a></p>\n\n<p><a href="http://www.arthavest.com/plugins/uploaded/Lap-keu-Konsolidasian-Interim-PT.Arthavest-Tbk-Sept-2012.pdf">Kwartal III</a></p>\n\n<p><a href="http://www.arthavest.com/plugins/uploaded/PT-Arthavest-Tbk-Dan-Entitas-Anak-31-Des-2012.pdf">Semester II</a></p>\n\n<h3><strong>Laporan Keuangan&nbsp;2011</strong></h3>\n\n<p><a href="http://arthavest.com/plugins/uploaded/PT_Arthavest_Tbk_dan_Entitas_Anak_Dec_31,_2015.pdf" target="_blank">Periode pelaporan 2011</a></p>\n\n<p><a href="http://www.arthavest.com/plugins/uploaded/PT_Arthavest_Tbk_dan_Entitas_Anak_31_Maret_2011_(Tdk_Diaudit).pdf">Kwartal I</a></p>\n\n<p><a href="http://www.arthavest.com/plugins/uploaded/PT_Arthavest_Tbk_dan_Entitas_Anak_30_Juni_2011.pdf">Semester I</a></p>\n\n<p><a href="http://www.arthavest.com/plugins/uploaded/PT_Arthavest_Tbk_dan_Entitas_Anak_30_Sept_2011.pdf">Kwartal III</a></p>\n\n<p><a href="http://www.arthavest.com/plugins/uploaded/PT_Arthavest_Tbk_dan_Entitas_Anak_30_Juni_2011.pdf">Semester II</a></p>\n\n<p>&nbsp;</p>\n\n<p>&nbsp;</p>\n', ''),
(57, 108, '<h3><strong>Financial Report 2016</strong></h3>\n\n<p><a href="http://arthavest.com/plugins/uploaded/PT_Arthavest_Tbk_dan_Entitas_Anak_Dec_31,_2015.pdf" target="_blank">Full Year of 2016</a></p>\n\n<p><a href="http://www.arthavest.com/plugins/uploaded/PT.Arthavest_Tbk_dan_Entitas_Anak_Mar_31,2016_Final.pdf">Quarter I</a></p>\n\n<h3><strong>Financial Report 2015</strong></h3>\n\n<p><a href="http://arthavest.com/plugins/uploaded/PT_Arthavest_Tbk_dan_Entitas_Anak_Dec_31,_2015.pdf" target="_blank">Full Year of 2015</a></p>\n\n<p><a href="http://www.arthavest.com/plugins/uploaded/PT.Arthavest_Tbk_dan_Entitas_Anak_31_Mar_2015_(Tdk_Diaudit).pdf">Quarter I</a></p>\n\n<p><a href="http://www.arthavest.com/plugins/uploaded/PT.ArthavestTbk_dan_Entitas_Anak_30_Juni_2015.pdf">Semester I</a></p>\n\n<p><a href="http://www.arthavest.com/plugins/uploaded/PT_Arthavest_Tbk_dan_Entitas_Anak_30_Sept_2015_(Tdk_Diaudit).pdf">Quarter III</a></p>\n\n<p><a href="http://arthavest.com/plugins/uploaded/PT_Arthavest_Tbk_dan_Entitas_Anak_Dec_31,_2015.pdf">Semester II</a></p>\n\n<h3><strong>Financial Report 2014</strong></h3>\n\n<p><a href="http://arthavest.com/plugins/uploaded/PT_Arthavest_Tbk_dan_Entitas_Anak_Dec_31,_2015.pdf" target="_blank">Full Year of 2014</a></p>\n\n<p><a href="http://www.arthavest.com/plugins/uploaded/PT.Arthavest-Tbk-dan-Entitas-Anak-31-Mar-2014.pdf">Quarter&nbsp;I</a></p>\n\n<p><a href="http://www.arthavest.com/plugins/uploaded/PT.Arthavest30Juni2014.pdf">Semester I</a></p>\n\n<p><a href="http://www.arthavest.com/plugins/uploaded/PT-Arthavest-Tbk-dan-Entitas-Anak-30-Sept-2014.pdf">Quarter III</a></p>\n\n<p><a href="http://www.arthavest.com/plugins/uploaded/PT.Arthavest31Des2014.pdf">Semester II</a></p>\n\n<h3><strong>Financial Report 2013</strong></h3>\n\n<p><a href="http://arthavest.com/plugins/uploaded/PT_Arthavest_Tbk_dan_Entitas_Anak_Dec_31,_2015.pdf" target="_blank">Full Year of 2013</a></p>\n\n<p><a href="http://www.arthavest.com/plugins/uploaded/PT.Arthavest-Tbk-dan-Entitas-Anak-31-Mar-2013.pdf">Quarter&nbsp;I</a></p>\n\n<p><a href="http://www.arthavest.com/plugins/uploaded/PT-Arthavest-Tbk-dan-Entitas-Anak-30-Juni-2013.pdf">Semester I</a></p>\n\n<p><a href="http://www.arthavest.com/plugins/uploaded/PT.Arthavest30Sept2013(Tdk_Diaudit).pdf">Quarter&nbsp;III</a></p>\n\n<p><a href="http://www.arthavest.com/plugins/uploaded/PT.Arthavest-Tbk-dan-Entitas-Anak-31-Des-2013.pdf">Semester II</a></p>\n\n<h3><strong>Financial Report 2012</strong></h3>\n\n<p><a href="http://arthavest.com/plugins/uploaded/PT_Arthavest_Tbk_dan_Entitas_Anak_Dec_31,_2015.pdf" target="_blank">Full Year of 2012</a></p>\n\n<p><a href="http://www.arthavest.com/plugins/uploaded/PT.Arthavest31Maret2012.pdf">Quarter I</a></p>\n\n<p><a href="http://www.arthavest.com/plugins/uploaded/PTArthavest30Juni2012.pdf">Semester I</a></p>\n\n<p><a href="http://www.arthavest.com/plugins/uploaded/Lap-keu-Konsolidasian-Interim-PT.Arthavest-Tbk-Sept-2012.pdf">Quarter&nbsp;III</a></p>\n\n<p><a href="http://www.arthavest.com/plugins/uploaded/PT-Arthavest-Tbk-Dan-Entitas-Anak-31-Des-2012.pdf">Semester II</a></p>\n\n<h3><strong>Financial Report 2011</strong></h3>\n\n<p><a href="http://arthavest.com/plugins/uploaded/PT_Arthavest_Tbk_dan_Entitas_Anak_Dec_31,_2015.pdf" target="_blank">Full Year of 2011</a></p>\n\n<p><a href="http://www.arthavest.com/plugins/uploaded/PT_Arthavest_Tbk_dan_Entitas_Anak_31_Maret_2011_(Tdk_Diaudit).pdf">Quarter I</a></p>\n\n<p><a href="http://www.arthavest.com/plugins/uploaded/PT_Arthavest_Tbk_dan_Entitas_Anak_30_Juni_2011.pdf">Semester I</a></p>\n\n<p><a href="http://www.arthavest.com/plugins/uploaded/PT_Arthavest_Tbk_dan_Entitas_Anak_30_Sept_2011.pdf">Quarter III</a></p>\n\n<p><a href="http://www.arthavest.com/plugins/uploaded/PT.Arthavest_Tbk_dan_Entitas_Anak_31_Des_2011.pdf">Semester II</a></p>\n', ''),
(58, 109, '<ul>\n	<li><strong>RUPST &amp; RUPSLB</strong></li>\n</ul>\n\n<p><strong>&nbsp;&nbsp;&nbsp;&nbsp;&nbsp;&nbsp;&nbsp;&nbsp;&nbsp;&nbsp; 2016&nbsp;</strong></p>\n\n<p>&nbsp;&nbsp;&nbsp;&nbsp;&nbsp;&nbsp;&nbsp;&nbsp;&nbsp;&nbsp; <a href="http://www.arthavest.com/plugins/uploaded/001-Pemberitahuan_RUPST_(OJK).pdf">Pemberitahuan RUPST 20 Juni 2016</a></p>\n\n<p>&nbsp;&nbsp;&nbsp;&nbsp;&nbsp;&nbsp;&nbsp;&nbsp;&nbsp;&nbsp; <strong>2015</strong></p>\n\n<p><strong>&nbsp;&nbsp;&nbsp;&nbsp;&nbsp;&nbsp;&nbsp;&nbsp;&nbsp;&nbsp;</strong><a href="http://www.arthavest.com/plugins/uploaded/RisalahRUPST.pdf"> Hasil RUPST &amp; RUPS LB 08 Juni 2015</a></p>\n\n<p>&nbsp;&nbsp;&nbsp;&nbsp;&nbsp;&nbsp;&nbsp;&nbsp;&nbsp;&nbsp;<strong> 2014</strong></p>\n\n<p><strong>&nbsp;&nbsp;&nbsp;&nbsp;&nbsp;&nbsp;&nbsp;&nbsp;&nbsp;&nbsp; </strong><a href="http://www.arthavest.com/plugins/uploaded/RisalahRapat12juni2014.pdf">Hasil RUPST 12 Juni 2014</a></p>\n\n<ul>\n	<li><strong>Keterbukaan Informasi</strong>&nbsp;</li>\n</ul>\n\n<p>&nbsp;&nbsp;&nbsp;&nbsp;&nbsp;&nbsp;&nbsp;&nbsp;&nbsp;&nbsp; <strong>2016</strong></p>\n\n<p><strong>&nbsp;&nbsp;&nbsp;&nbsp;&nbsp;&nbsp;&nbsp;&nbsp;&nbsp;&nbsp;</strong> <a href="http://www.arthavest.com/plugins/uploaded/009_-Keterbukaan_Informasi_(OJK).pdf">Keterbukaan Informasi No.009/AV/II/2016-CSC</a></p>\n\n<p>&nbsp;&nbsp;&nbsp;&nbsp;&nbsp;&nbsp;&nbsp;&nbsp;&nbsp;&nbsp;<strong> </strong></p>\n', ''),
(59, 110, '<ul>\n	<li><strong>AGMS &amp; EGM</strong></li>\n</ul>\n\n<p>&nbsp;&nbsp;&nbsp;&nbsp;&nbsp;&nbsp;&nbsp;&nbsp;&nbsp;<strong> 2016</strong></p>\n\n<p><strong>&nbsp;&nbsp;&nbsp;&nbsp;&nbsp;&nbsp;&nbsp;&nbsp;&nbsp;</strong><a href="http://www.arthavest.com/plugins/uploaded/Announcement_of_AGMS_.pdf"> Announcement AGMS June 20,2016</a></p>\n\n<ul>\n	<li><strong>Disclosure Information</strong></li>\n</ul>\n\n<p>&nbsp;&nbsp;&nbsp;&nbsp;&nbsp;&nbsp;&nbsp;&nbsp;&nbsp;<a href="http://www.arthavest.com/plugins/uploaded/009-KeterbukaanInformasi(OJK)-inggris.pdf"><strong> 2016</strong></a></p>\n', ''),
(37, 86, '<p><strong>Akuntan Publik: Teramihardja, Pradhono &amp; Chandra </strong></p>\n\n<p>Alamat : AXA Tower, lt.27 Suite 03 Jl. Prof. Dr. Satrio Kav 18</p>\n\n<p>&nbsp;&nbsp;&nbsp;&nbsp;&nbsp;&nbsp;&nbsp;&nbsp;&nbsp;&nbsp;&nbsp;&nbsp; Kuningan, Setiabudi Jakarta 12940 - Indonesia</p>\n\n<p>Telp &nbsp;&nbsp;&nbsp;&nbsp; : (62-21) 30056267 Fax: (62-21) 30056289</p>\n\n<p>Tugas&nbsp;&nbsp; : Mengaudit Laporan Keuangan Tahunan</p>\n\n<p>&nbsp;</p>\n\n<p><strong>Notaris Publik: Leolin Jayayanti&nbsp;,SH</strong></p>\n\n<p>Alamat : Jl.Pulo Raya VI No.1,Kebayoran Baru</p>\n\n<p>&nbsp;&nbsp;&nbsp;&nbsp;&nbsp;&nbsp;&nbsp;&nbsp;&nbsp;&nbsp;&nbsp;&nbsp; Jakarta 12170- Indonesia</p>\n\n<p>Telp&nbsp;&nbsp;&nbsp;&nbsp;&nbsp; : (62-21) 72787232 Fax: (62-21) 7234607</p>\n\n<p>Tugas&nbsp;&nbsp; : Membuat Akta Berita Acara RUPS Tahunan</p>\n\n<p>&nbsp;</p>\n\n<p><strong>Biro Administrasi Efek: PT Adimitra Jasa Korpora (d/h Adimitra Transferindo) </strong></p>\n\n<p>Alamat : Rukan Kirana Boutiqe Office</p>\n\n<p>&nbsp;&nbsp;&nbsp;&nbsp;&nbsp;&nbsp;&nbsp;&nbsp;&nbsp;&nbsp;&nbsp;&nbsp;&nbsp;&nbsp; Jl. Kirana Avenue III Blok F3 No.5</p>\n\n<p>&nbsp;&nbsp;&nbsp;&nbsp;&nbsp;&nbsp;&nbsp;&nbsp;&nbsp;&nbsp;&nbsp;&nbsp;&nbsp;&nbsp; Kelapa Gading-Jakarta Utara 14250</p>\n\n<p>Telp&nbsp;&nbsp;&nbsp;&nbsp;&nbsp; : (62-21) 29745222, Fax: (62-21)29289961</p>\n\n<p>Tugas&nbsp;&nbsp; : Mengelola administrasi Saham Perseroan</p>\n', ''),
(38, 87, '<p><strong>Public Accountant: Teramihardja, Pradhono &amp; Chandra </strong></p>\n\n<p>Address : AXA Tower, lt.27 Suite 03 Jl. Prof. Dr. Satrio Kav 18</p>\n\n<p>&nbsp;&nbsp;&nbsp;&nbsp;&nbsp;&nbsp;&nbsp;&nbsp;&nbsp;&nbsp;&nbsp;&nbsp;&nbsp;&nbsp; Kuningan, Setiabudi Jakarta 12940 - Indonesia</p>\n\n<p>Phone&nbsp;&nbsp;&nbsp; : (62-21) 30056267 Fax: (62-21) 30056289</p>\n\n<p>Duty&nbsp;&nbsp;&nbsp;&nbsp;&nbsp;&nbsp; : To conduct audit of Annual Financial Reports of the Company</p>\n\n<p>&nbsp;</p>\n\n<p><strong>Public Notary: Leolin Jayayanti,SH</strong></p>\n\n<p>Address : Jl.Pulo Raya VI No.1,Kebayoran Baru</p>\n\n<p>&nbsp;&nbsp;&nbsp;&nbsp;&nbsp;&nbsp;&nbsp;&nbsp;&nbsp;&nbsp;&nbsp;&nbsp;&nbsp;&nbsp; Jakarta 12170- Indonesia</p>\n\n<p>Phone&nbsp;&nbsp;&nbsp; : (62-21) 72787232 Fax: (62-21) 7234607</p>\n\n<p>Duty&nbsp;&nbsp;&nbsp;&nbsp;&nbsp;&nbsp; : To create deed from the AGM minutes of meeting</p>\n\n<p>&nbsp;</p>\n\n<p><strong>Securities Administration Bureau: PT Adimitra Jasa Korpora (d/h Adimitra Transferindo)</strong></p>\n\n<p>Address : Rukan Kirana Boutiqe Office&nbsp;</p>\n\n<p>&nbsp;&nbsp;&nbsp;&nbsp;&nbsp;&nbsp;&nbsp;&nbsp;&nbsp;&nbsp;&nbsp;&nbsp;&nbsp;&nbsp; Jl. Kirana Avenue III Blok F3 No.5</p>\n\n<p>&nbsp;&nbsp;&nbsp;&nbsp;&nbsp;&nbsp;&nbsp;&nbsp;&nbsp;&nbsp;&nbsp;&nbsp;&nbsp;&nbsp; Kelapa Gading-Jakarta Utara 14250</p>\n\n<p>Phone&nbsp;&nbsp;&nbsp; : (62-21) ) 29745222, Fax: (62-21)29289961</p>\n\n<p>Duty&nbsp;&nbsp;&nbsp;&nbsp;&nbsp; : To manage company&rsquo;s shares administration</p>\n', ''),
(39, 66, '<p>The Company through its Board of Commissioners, Board of Directors and all of its employees are committed to implement good corporate governance. In management views, a good corporate culture can only be develop if the Company maintains a thorough and consistent good corporate governance by continuously conducting innovation and improvement. The main goal of good corporate governance is to optimize long-term Company values for all of its shareholders as well to other stakeholders. In order to maintain a well supervised good corporate governance implementation, the Company requires a Corporate Governance Guidance which can be utilized as an archetype to carry on a good corporate governance.</p>\n\n<p>Principles of good corporate governance</p>\n\n<p><strong>Transparency </strong></p>\n\n<p>The Company put the principles into practices by providing relevant and material informations with an accessible means of approach and easy to comprehend for the stakeholders. The Company must delivers transparent, punctual, clear and comparable information, all of which related to the financial situation, company management and ownership. Accountability The Company conducts the principles of good corporate governance by continuouly being responsible upon its performances in a decent and transparent manner. It is conducted in the most acceptable and measurable way, and in accordance to the interest of the Company, its visions and missions, as well corporate goals.</p>\n\n<p><strong>Responsibility </strong></p>\n\n<p>The Company applies the principle of good corporate governance by means of enforcing and complying with the applicable law, as well being held accountable to the greater public and environment in order to achieve and maintain a long term sustainable business operations.</p>\n\n<p><strong>Independency </strong></p>\n\n<p>The Company is professionaly managed without any conflict of interest, pressure or influence from any other party, which is deemed inappropriate against the applicable laws and positive corporate principles.</p>\n\n<p><strong>Fairness</strong></p>\n\n<p>The Company implements the principles of good corporate governance by means of applying a balanced and fair regulation between stakeholders that encompassed fair and equal treatment to fulfill stakeholders&rsquo; rights based on agreement and the applicable law. The apparent clarity of the rights of shareholders, the legal system and enforcement of regulations is to protect the rights of shareholders itself, especially for minority shareholders. Based on the above concept, and in accordance with pertinent regulations in the Indonesian capital market, the Company has made various efforts and activities to meet the principles required in the implementation of corporate governance in accordance with the characteristics of the Company&#39;s business.</p>\n\n<p><strong>General Meeting of Shareholders (GMS)</strong></p>\n\n<p>General Meeting of Shareholders (GMS) is the supreme authority of the Company, which authority cannot be given to the Board or the Commissioner and other parties within the limits specified in the law or the articles of association of the Company. In the GMS, there are important decisions related to the investment of shareholders that could have asignificant impact to the entire Company&rsquo;s operation.</p>\n', ''),
(41, 94, '', '<p>Sebagai perusahaan yang tercatat di Bursa Efek Indonesia, PT Arthavest Tbk berkewajiban untuk mematuhi peraturan dan ketentuan yang tertuang dalam Peraturan Pasar Modal No. IX.1.5 tentang Pembentukan dan Pedoman Pelaksanaan Kerja Komite Audit. Dalam rangka itulah, Perusahaan membentuk Komite Audit untuk membantu Dewan Komisaris Perusahaan dalam melaksanakan tugas dan tanggung jawab pengawasan terhadap jalannya kegiatan usaha Perusahaan. Berikut profil anggota Komite Audit Perusahaan :</p>\r\n\r\n\r\n\r\n\r\n\r\n<div class="panel-group" id="accordion" role="tablist" aria-multiselectable="true" >\r\n\r\n  <div class="panel panel-default">\r\n\r\n    <div class="panel-heading" role="tab" id="headingOne" style="    background-color: rgba(255, 193, 7, 0.58);">\r\n\r\n      <h4 class="panel-title">\r\n\r\n        <a role="button" data-toggle="collapse" data-parent="#accordion" href="#collapseOne" aria-expanded="true" aria-controls="collapseOne">\r\n\r\n         Nur Asiah\r\n\r\n        </a>\r\n\r\n      </h4>\r\n\r\n    </div>\r\n\r\n    <div id="collapseOne" class="panel-collapse collapse in" role="tabpanel" aria-labelledby="headingOne">\r\n\r\n      <div class="panel-body">\r\n\r\n        Warga Negara Indonesia, lahir di Jakarta, tahun 1975. Menyelesaikan pendidikan terakhir di Universitas Islam, Jakarta. Menjabat sebagai Ketua Komite Audit sejak Maret 2011 dan merangkap sebagai Komisaris Independen Perusahaan.\r\n\r\n      </div>\r\n\r\n    </div>\r\n\r\n  </div>\r\n\r\n  <div class="panel panel-default"  >\r\n\r\n    <div class="panel-heading" role="tab" id="headingTwo"  style="background-color: rgba(204, 204, 204, 0.68)">\r\n\r\n      <h4 class="panel-title">\r\n\r\n        <a class="collapsed" role="button" data-toggle="collapse" data-parent="#accordion" href="#collapseTwo" aria-expanded="false" aria-controls="collapseTwo">\r\n\r\n          Ervina\r\n\r\n        </a>\r\n\r\n      </h4>\r\n\r\n    </div>\r\n\r\n    <div id="collapseTwo" class="panel-collapse collapse" role="tabpanel" aria-labelledby="headingTwo" >\r\n\r\n      <div class="panel-body">\r\n\r\n       Warga Negara Indonesia, lahir di Jakarta, 15 September 1982. Menyelesaikan pendidikan terakhir di Sekolah Tinggi Ilmu Ekonomi Rawamangun, Jakarta. Menjabat sebagai Anggota Komite Audit Perusahaan sejak 21 November 2013.\r\n\r\n      </div>\r\n\r\n    </div>\r\n\r\n  </div>\r\n\r\n  <div class="panel panel-default">\r\n\r\n    <div class="panel-heading" role="tab" id="headingThree" style="    background-color: rgba(255, 193, 7, 0.58);">\r\n\r\n      <h4 class="panel-title">\r\n\r\n        <a class="collapsed" role="button" data-toggle="collapse" data-parent="#accordion" href="#collapseThree" aria-expanded="false" aria-controls="collapseThree">\r\n\r\n          Andre Salim\r\n\r\n        </a>\r\n\r\n      </h4>\r\n\r\n    </div>\r\n\r\n    <div id="collapseThree" class="panel-collapse collapse" role="tabpanel" aria-labelledby="headingThree">\r\n\r\n      <div class="panel-body">\r\n\r\n     Warga Negara Indonesia, lahir di Jakarta, 15 Januari 1986. Menyelesaikan pendidikan terakhir di Universitas Kristen Krida Wacana, Jakarta. Dan diangkat sebagai salah satu anggota Komite Audit sejak 20 Juni 2016.\r\n\r\n      </div>\r\n\r\n    </div>\r\n\r\n  </div>\r\n\r\n</div>\r\n<a href="http://arthavest.com/plugins/uploaded/Piagam_Komite_Audit_PT._Arthavest_Tbk_Revisi_2015.pdf">Piagam Komite Audit</a>'),
(42, 93, '<p>Perusahaan memiliki Kode Etik Perilaku Karyawan yang berlaku bagi seluruh level organisasi. Kode Etik Perilaku Karyawan memberikan panduan yang jelas atas nilai&ndash;nilai luhur yang dianut oleh Perusahaan dengan tujuan agar tingkah laku, mental dan moral karyawan selaras dengan nilai-nilai luhur yang dianut oleh Perusahaan. Kode Etik Perilaku Karyawan memberikan panduan kepada karyawan Perusahaan untuk:</p>\n\n<p>1. Mematuhi peraturan Internal dan eksternal antara lain Peraturan Pasar Modal, Pemerintah dan atau Asosiasi</p>\n\n<p>2. Menolak penyuapan dan korupsi</p>\n\n<p>3. Menghindari berkompromi karena hadiah dan hiburan</p>\n\n<p>4. Aktif dalam menyampaikan suatu pelanggaran yang diketahui</p>\n\n<p>5. Mencegah pencucian uang</p>\n\n<p>6. Menghindari benturan kepentingan</p>\n\n<p>7. Tidak bertransaksi saham Perusahaan ketika memiliki informasi orang dalam</p>\n\n<p>8. Tidak melakukan kecurangan dalam menawarkan produk atau jasa</p>\n\n<p>9. Cepat tanggap dalam menangani keluhan pelanggan</p>\n\n<p>10. Menjaga kerahasiaan dan perlindungan informasi dan data</p>\n\n<p>11. Memperlakukan karyawan dengan adil</p>\n\n<p>12. Terbuka dan jujur kepada Pemangku Peraturan (Regulator)</p>\n\n<p>13. Menjaga sikap dan perilaku positif</p>\n\n<p>14. Menjaga dan memelihara peralatan dan fasilitas Perusahaan</p>\n\n<p>15. Kebebasan berpolitik yang bertanggung jawab.</p>\n', ''),
(43, 91, '<p>Perusahaan melalui jajaran Dewan Komisaris, Direksi dan seluruh karyawan berkomitmen untuk menerapkan tata kelola perusahaan yang baik. Manajemen memandang bahwa budaya perusahaan yang baik hanya dapat dibangun apabila perusahaan menjalankan tata kelola perusahaan dengan baik, konsisten, terus melakukan inovasi dan penyempurnaan. Tujuan utama dilaksanakannya tata kelola perusahaan yang baik adalah untuk mengoptimalkan nilai perusahaan bagi pemegang saham dan pemangku kepentingan lainnya dalam jangka panjang. Untuk mendukung penerapan tata kelola perusahaan yang baik tersebut, maka diperlukan suatu pedoman Tata Kelola Perusahaan yang dapat digunakan sebagai arahan pelaksanaan tata kelola perusahaan yang baik.</p>\n\n<p><strong>Prinsip&ndash;prinsip tata kelola perusahaan yang baik</strong></p>\n\n<p><strong>Transparansi</strong></p>\n\n<p>Perusahaan menerapkan prinsip transparansi dengan cara menyediakan informasi yang bersifat material dan relevan, serta mudah diakses dan dipahami oleh pemangku kepentingan. Memberikan suatu informasi yang terbuka, tepat waktu serta jelas dan dapat diperbandingkan, yang menyangkut keadaan keuangan, pengelolaan perusahaan dan kepemilikan perusahaan.</p>\n\n<p><strong>Akuntabilitas</strong></p>\n\n<p>Perusahaan menerapkan prinsip akuntabilitas dengan cara senantiasa mempertanggung jawabkan kinerjanya secara transparan dan wajar. Hal tersebut dilakukan dengan pengelolaan yang benar, terukur dan sesuai kepentingan, visi dan misi serta tujuan perusahaan.</p>\n\n<p><strong>Tanggung Jawab</strong></p>\n\n<p>Perusahaan menerapkan prinsip pertanggungjawaban dengan menerapkan dan mematuhi peraturan perundangan yang berlaku dan turut serta bertanggung jawab baik kepada masyarakat maupun lingkungan, sehingga kesinambungan usaha perusahaan dalam jangka panjang dapat terwujud dan terpelihara.</p>\n\n<p><strong>Indepedensi</strong></p>\n\n<p>Perusahaan dikelola secara profesional tanpa benturan kepentingan dan pengaruh / tekanan dari pihak manapun yang tidak sesuai dengan peraturan perundang&ndash;undangan yang berlaku dan prinsip&ndash;prinsip korporasi yang sehat.</p>\n\n<p><strong>Kewajaran</strong></p>\n\n<p>Perusahaan menerapkan prinsip kewajaran melalui penerapan perundangan yang berimbang dengan tidak memihak diantara pemangku kepentingan dan mencakup perlakuan yang adil dan setara dalam memenuhi hak &ndash; hak pemangku kepentingan yang timbul berdasarkan perjanjian serta peraturan perundangan yang berlaku. Adanya kejelasan hak &ndash; hak pemodal, sistem hukum dan penegakan peraturan untuk melindungi hak hak pemodal, khususnya pemegang saham minoritas.</p>\n', ''),
(44, 92, '<p>Struktur tata kelola perusahaan terdiri dari tiga organ utama yaitu Rapat Umum Pemegang Saham (RUPS), Dewan Komisaris dan Direksi. Seluruh organ tersebut memiliki peranan penting dalam pelaksanaan kebijakan tata kelola perusahaan yang baik secara efektif.</p>\n\n<p><strong>Rapat Umum Pemegang Saham </strong><strong>(RUPS)</strong></p>\n\n<p>Rapat Umum Pemegang Saham (RUPS) merupakan otoritas tertinggi Perusahaan yang tidak bisa diberikan kepada Direksi atau Komisaris dan pihak lain dalam batas yang ditentukan dalam undang undang atau anggaran dasar perusahaan. Dalam RUPS, terdapat pengambilan keputusan penting yang berkaitan dengan investasi para pemegang saham yang akan berpengaruh terhadap operasional Perusahaan secara keseluruhan.</p>\n\n<p><strong>Dewan Komisaris</strong></p>\n\n<p>Dewan Komisaris mempunyai tugas dan tanggung jawab untuk mengawasi kebijakan manajemen Perusahaan, memastikan anggaran dasar Perusahaan telah dilaksanakan sebagaimana mestinya, memberlakukan keputusan RUPS, dan memberikan saran kepada Direksi sesuai dengan maksud dan tujuan Perusahaan. Dewan Komisaris beranggotakan 3 orang, terdiri dari dua orang komisaris dan seorang komisaris independen yang merupakan profesional berpengalaman sebagai bekas pimpinan pada beragam bidang usaha.</p>\n\n<ul>\n	<li><a href="http://www.arthavest.com/plugins/uploaded/Pedoman_dan_Tata_Kerja_Dewan_Komisaris.pdf">Piagam Dewan Komisaris</a></li>\n</ul>\n\n<p><strong>Dewan Direksi </strong></p>\n\n<p>Direksi berwenang dan bertanggung jawab penuh untuk mengelola Perusahaan sesuai dengan maksud dan tujuannya, serta mewakili Perusahaan sesuai dengan anggaran dasar. Tugas dan tanggung jawab Direksi adalah mengelola kegiatan harian Perusahaan, melaksanakan prinsip, kebijakan, strategi, nilai serta tujuan dari kinerja yang sudah disetujui oleh Dewan Komisaris. Direksi Perusahaan terdiri atas 3 orang Direktur yang merupakan profesional yang telah berpengalaman di berbagai bidang usaha.&nbsp;</p>\n\n<ul>\n	<li><a href="http://www.arthavest.com/plugins/uploaded/Pedoman_dan_Tata_Kerja_Dewan_Direksi.pdf">Piagam Dewan Direksi</a></li>\n</ul>\n\n<p>&nbsp;</p>\n', ''),
(45, 100, '', '<p>Corporate  Secretary has established as a commitment to the implementation of best practices of Corporate Government </p>\n\n<h4>Profile Corporate Secretary</h4> \n<img src="http://arthavest.com/plugins/uploaded/wenlie.png" width="200px">\n<p>Tsun Tien Wen Lie </p>\n<p>\nIndonesian citizen, born in Bandung in 1966. He earned a Bachelor in Accounting from STIE Tridharma Bandung in 1990, a Bachelor of Law from Padjadjaran University in 1991 and a Masters in International Management from Prasetya Mulya Business School in 1998. He served as Finance Director in some other companies’ prior on joining the Company. He served as the Finance Director of the Company since March 2011 and was appointed as President Director since July 2011 until today. </p>\n'),
(46, 99, '', '<p>As a public company whose shares are listed on the Indonesia Stock Exchange, PT Arthavest Tbk is obliged to abide by the rules and regulations contained in the Capital Markets Regulation No. IX.1.5 on the Formation and Guidance of Working Procedure of the Audit Committee. The Company established an Audit Committee to assist the Board of Commissioners in carrying out its supervisory duties and responsibilities over the course of the Company"s operations. The following are the profile of the Company"s Audit Committee </p>\r\n\r\n\r\n\r\n\r\n\r\n<div class="panel-group" id="accordion" role="tablist" aria-multiselectable="true" >\r\n\r\n  <div class="panel panel-default">\r\n\r\n    <div class="panel-heading" role="tab" id="headingOne" style="    background-color: rgba(255, 193, 7, 0.58);">\r\n\r\n      <h4 class="panel-title">\r\n\r\n        <a role="button" data-toggle="collapse" data-parent="#accordion" href="#collapseOne" aria-expanded="true" aria-controls="collapseOne">\r\n\r\n         Nur Asiah\r\n\r\n        </a>\r\n\r\n      </h4>\r\n\r\n    </div>\r\n\r\n    <div id="collapseOne" class="panel-collapse collapse in" role="tabpanel" aria-labelledby="headingOne">\r\n\r\n      <div class="panel-body">\r\n\r\nIndonesian citizen, born in Jakarta, in 1975. Graduated from the Islamic University, Jakarta. She has served as Chairman of the Audit Committee since March 2011 and serves as Independent Commissioner of the Company. \r\n\r\n      </div>\r\n\r\n    </div>\r\n\r\n  </div>\r\n\r\n  <div class="panel panel-default"  >\r\n\r\n    <div class="panel-heading" role="tab" id="headingTwo"  style="background-color: rgba(204, 204, 204, 0.68)">\r\n\r\n      <h4 class="panel-title">\r\n\r\n        <a class="collapsed" role="button" data-toggle="collapse" data-parent="#accordion" href="#collapseTwo" aria-expanded="false" aria-controls="collapseTwo">\r\n\r\n          Ervina\r\n\r\n        </a>\r\n\r\n      </h4>\r\n\r\n    </div>\r\n\r\n    <div id="collapseTwo" class="panel-collapse collapse" role="tabpanel" aria-labelledby="headingTwo" >\r\n\r\n      <div class="panel-body">\r\n\r\nIndonesian citizen, born in Jakarta, 15 September 1982. Graduated from the School of Economics Rawamangun, Jakarta. She has served as a Member of the Audit Committee since 21 November 2013. \r\n\r\n\r\n      </div>\r\n\r\n    </div>\r\n\r\n  </div>\r\n\r\n  <div class="panel panel-default">\r\n\r\n    <div class="panel-heading" role="tab" id="headingThree" style="    background-color: rgba(255, 193, 7, 0.58);">\r\n\r\n      <h4 class="panel-title">\r\n\r\n        <a class="collapsed" role="button" data-toggle="collapse" data-parent="#accordion" href="#collapseThree" aria-expanded="false" aria-controls="collapseThree">\r\n\r\n          Andre Salim\r\n        </a>\r\n\r\n      </h4>\r\n\r\n    </div>\r\n\r\n    <div id="collapseThree" class="panel-collapse collapse" role="tabpanel" aria-labelledby="headingThree">\r\n\r\n      <div class="panel-body">\r\n\r\nIndonesian citizen, born in Jakarta,January 15 1986. He graduated last in the University Krida Wacana, Jakarta. He was appointed as a member of the Audit Committee since 20 June 2016.      </div>\r\n\r\n    </div>\r\n\r\n  </div>\r\n\r\n</div>\r\n<a href="http://arthavest.com/plugins/uploaded/Audit_Committee_Charter_PT.Arthavest_Tbk.pdf">Audit Committee Charter</a>'),
(47, 98, '<p>The Company has a Code of Conduct that applies to all levels of the organization. Code of Conduct provides clear guidance on noble values espoused by the Company with the aim of to align the behavioral, mental and moral aspects of all employees with the noble values adopted by the Company.&nbsp;</p>\n\n<p>Code of Conduct provides guidance to employees of the Company to:&nbsp;</p>\n\n<ol>\n	<li>Comply with internal and external regulations, among others, the Capital Markets Regulation, Government and or Association&nbsp;</li>\n	<li>Refuse bribery and corruption&nbsp;</li>\n	<li>Avoid compromise because gifts and entertainment&nbsp;</li>\n	<li>Active in informing a known violation&nbsp;</li>\n	<li>Preventing money laundering&nbsp;</li>\n	<li>Avoiding conflicts of interest&nbsp;</li>\n	<li>Not trading shares of the Company when in possession of inside information&nbsp;</li>\n	<li>Not committing fraud in offering products or services&nbsp;</li>\n	<li>Quick responsiveness in dealing with customer complaints&nbsp;</li>\n	<li>Maintain confidentiality and protection of information and data&nbsp;</li>\n	<li>Treat employees fairly&nbsp;</li>\n	<li>Open and honest to Stakeholder (Regulator)&nbsp;</li>\n	<li>Maintain positive attitude and behavior&nbsp;</li>\n	<li>Keeping and maintaining equipment and facilities of the Company&nbsp;</li>\n	<li>Responsible political freedom&nbsp;</li>\n</ol>\n', ''),
(48, 96, '<p>The Company through its Board of Commissioners, Board of Directors and all of its employees are committed to implement good corporate governance. In management views, a good corporate culture can only be develop if the Company maintains a thorough and consistent good corporate governance by continuously conducting innovation and improvement. The main goal of good corporate governance is to optimize long-term Company values for all of its shareholders as well to other stakeholders. In order to maintain a well supervised good corporate governance implementation, the Company requires a Corporate Governance Guidance which can be utilized as an archetype to carry on a good corporate governance.</p>\n\n<p>Principles of good corporate governance</p>\n\n<p><strong>Transparency</strong></p>\n\n<p>The Company put the principles into practices by providing relevant and material informations with an accessible means of approach and easy to comprehend for the stakeholders. The Company must delivers transparent, punctual, clear and comparable information, all of which related to the financial situation, company management and ownership. Accountability The Company conducts the principles of good corporate governance by continuouly being responsible upon its performances in a decent and transparent manner. It is conducted in the most acceptable and measurable way, and in accordance to the interest of the Company, its visions and missions, as well corporate goals.</p>\n\n<p><strong>Responsibility</strong></p>\n\n<p>The Company applies the principle of good corporate governance by means of enforcing and complying with the applicable law, as well being held accountable to the greater public and environment in order to achieve and maintain a long term sustainable business operations.</p>\n\n<p><strong>Independency</strong></p>\n\n<p>The Company is professionaly managed without any conflict of interest, pressure or influence from any other party, which is deemed inappropriate against the applicable laws and positive corporate principles.</p>\n\n<p><strong>Fairness</strong></p>\n\n<p>The Company implements the principles of good corporate governance by means of applying a balanced and fair regulation between stakeholders that encompassed fair and equal treatment to fulfill stakeholders&rsquo; rights based on agreement and the applicable law. The apparent clarity of the rights of shareholders, the legal system and enforcement of regulations is to protect the rights of shareholders itself, especially for minority shareholders. Based on the above concept, and in accordance with pertinent regulations in the Indonesian capital market, the Company has made various efforts and activities to meet the principles required in the implementation of corporate governance in accordance with the characteristics of the Company&#39;s business.</p>\n\n<p><strong>General Meeting of Shareholders (GMS)</strong></p>\n\n<p>General Meeting of Shareholders (GMS) is the supreme authority of the Company, which authority cannot be given to the Board or the Commissioner and other parties within the limits specified in the law or the articles of association of the Company. In the GMS, there are important decisions related to the investment of shareholders that could have asignificant impact to the entire Company&rsquo;s operation.</p>\n', ''),
(49, 97, '<p>Our core governance structures consist of the Annual General Meeting of Shareholders, the Board of Commissioners and the Board of Directors, all of which serve important roles in the effective implementation of the company&rsquo;s good corporate governance policies.</p>\n\n<p><strong>General Meeting of Shareholders (GMS)</strong></p>\n\n<p>General Meeting of Shareholders (GMS) is the supreme authority of the Company, which authority cannot be given to the Board or the Commissioner and other parties within the limits specified in the law or the articles of association of the Company. In the GMS, there are important decisions related to the investment of shareholders that could have a significant impact to the entire Company&rsquo;s operation.</p>\n\n<p><strong>Board of Commissioners</strong></p>\n\n<p>Board of Commissioners has the duty and responsibility for overseeing the Company&#39;s management policies, ensuring the Company&#39;s articles have been implemented as appropriate, impose AGM decisions, and provide advice to the Board of Directors in accordance with the purposes and objectives of the Company. Board of Commissioners consisting of 3 persons,&nbsp; 2 persons &nbsp;commissioner and 1 person independent commissioner who is experienced professionals as leaders in diverse areas of business.</p>\n\n<ul>\n	<li><a href="http://www.arthavest.com/plugins/uploaded/BOC_Guidance_&amp;_Working_Procedure.pdf">BOC Guidance &amp; Procedure</a></li>\n</ul>\n\n<p><strong>Board of Directors</strong></p>\n\n<p>The Board of Directors is authorized and responsible for managing the Company in accordance with the intent and purpose, as well as representing the Company in accordance with the articles of association. Duties and responsibilities of the Board of Directors is to manage the daily activities of the Company, to implement the principles, policies, strategies, values and objectives of performance that has been approved by the Board of Commissioners. Board of Directors of the Company consists of three Directors who are experienced professionals in various fields of business.</p>\n\n<ul>\n	<li><a href="http://www.arthavest.com/plugins/uploaded/BOD_Guidance_&amp;_Working_Procedure.pdf">BOD Guidance &amp; Procedure</a></li>\n</ul>\n', ''),
(50, 101, '<p>Perusahaan tidak membentuk Komite Nominasi dan Remunerasi, tetapi fungsi dan prosedur Remunerasi dijalankan oleh Dewan Komisaris yang diberikan wewenang melalui RUPS.</p>\n\n<p>Perumusan sistem remunerasi didasari prinsip-prinsip :</p>\n\n<ol>\n	<li>Sesuai peraturan perundang-undangan di bidang perpajakan dan ketenagakerjaan yang berlaku.</li>\n	<li>Perusahaan memberikan remunerasi yang berbeda bagi anggota Direksi Perusahaan yang berkinerja terbaik.</li>\n	<li>Penetapan remunerasi menganut asas &ldquo;pay for performance&rdquo; dimana Perusahaan menghargai anggota Direksi sesuai kontribusinya terhadap Perusahaan.</li>\n</ol>\n', ''),
(51, 102, '<p>The Company does not established Nomination and Remuneration Committee, however, remuneration function and procedure are executed by the Board of Commissioners which has been granted authority by the GMS.</p>\n\n<p>The formulation of the remuneration system based on the principles:</p>\n\n<ol>\n	<li>In accordance with the legislation in the field of taxation and labor force.</li>\n	<li>The Company provides a different remuneration for members of the Board of Directors of the Company are performing best.</li>\n	<li>Determination of remuneration follows the principle of&nbsp;&ldquo;pay for performance&rdquo; in which the Company values members of the Board of Directors corresponding&nbsp; contribution to the Company.</li>\n</ol>\n', ''),
(54, 105, '<p>Laporan Tahunan 2015</p>\n\n<p><a href="http://arthavest.com/plugins/uploaded/Annual-Report-2015-rev.pdf" target="_blank"><img alt="" src="http://arthavest.com/plugins/uploaded/lpt-2016.png" style="height:211px; width:150px" /></a></p>\n\n<p>Laporan Tahunan 2014</p>\n\n<p><a href="http://arthavest.com/plugins/uploaded/lpt-arthavest-2014.pdf" target="_blank"><img alt="" src="http://arthavest.com/plugins/uploaded/lpt-2014.png" style="height:211px; width:150px" /></a></p>\n\n<p>Laporan Tahunan 2013</p>\n\n<p><a href="http://arthavest.com/plugins/uploaded/lpt-arthavest-2013.pdf" target="_blank"><img alt="" src="http://arthavest.com/plugins/uploaded/lpt-2013.png" style="height:211px; width:150px" /></a></p>\n\n<p>Laporan Tahunan 2012</p>\n\n<p><a href="http://arthavest.com/plugins/uploaded/lpt-arthavest-2012.pdf" target="_blank"><img alt="" src="http://arthavest.com/plugins/uploaded/lpt-2012.png" style="height:211px; width:150px" /></a></p>\n\n<p>Laporan Tahunan 2011</p>\n\n<p><a href="http://arthavest.com/plugins/uploaded/lpt-arthavest-2011.pdf" target="_blank"><img alt="" src="http://arthavest.com/plugins/uploaded/lpt-2011.png" style="height:211px; width:150px" /></a></p>\n', ''),
(55, 106, '<p>Annual Report 2015</p>\n\n<p><a href="http://arthavest.com/plugins/uploaded/Annual-Report-2015-rev.pdf" target="_blank"><img alt="" src="http://arthavest.com/plugins/uploaded/lpt-2016.png" /></a></p>\n\n<p>Annual Report 2014</p>\n\n<p><a href="http://arthavest.com/plugins/uploaded/lpt-arthavest-2014.pdf" target="_blank"><img alt="" src="http://arthavest.com/plugins/uploaded/lpt-2014.png" /></a></p>\n\n<p>Annual Report 2013</p>\n\n<p><a href="http://arthavest.com/plugins/uploaded/lpt-arthavest-2013.pdf" target="_blank"><img alt="" src="http://arthavest.com/plugins/uploaded/lpt-2013.png" /></a></p>\n\n<p>Annual Report 2012</p>\n\n<p><a href="http://arthavest.com/plugins/uploaded/lpt-arthavest-2012.pdf" target="_blank"><img alt="" src="http://arthavest.com/plugins/uploaded/lpt-2012.png" /></a></p>\n\n<p>Annual Report 2011</p>\n\n<p><a href="http://arthavest.com/plugins/uploaded/lpt-arthavest-2011.pdf" target="_blank"><img alt="" src="http://arthavest.com/plugins/uploaded/lpt-2011.png" /></a></p>\n', ''),
(64, 118, '<p>Laporan Tahunan 2015</p>\r\n\r\n<p><a href="http://arthavest.com/plugins/uploaded/Annual-Report-2015-rev.pdf" target="_blank"><img alt="" src="http://arthavest.com/plugins/uploaded/lpt-2016.png" style="height:211px; width:150px" /></a></p>\r\n\r\n<p>Laporan Tahunan 2014</p>\r\n\r\n<p><a href="http://arthavest.com/plugins/uploaded/lpt-arthavest-2014.pdf" target="_blank"><img alt="" src="http://arthavest.com/plugins/uploaded/lpt-2014.png" style="height:211px; width:150px" /></a></p>\r\n\r\n<p>Laporan Tahunan 2013</p>\r\n\r\n<p><a href="http://arthavest.com/plugins/uploaded/lpt-arthavest-2013.pdf" target="_blank"><img alt="" src="http://arthavest.com/plugins/uploaded/lpt-2013.png" style="height:211px; width:150px" /></a></p>\r\n\r\n<p>Laporan Tahunan 2012</p>\r\n\r\n<p><a href="http://arthavest.com/plugins/uploaded/lpt-arthavest-2012.pdf" target="_blank"><img alt="" src="http://arthavest.com/plugins/uploaded/lpt-2012.png" style="height:211px; width:150px" /></a></p>\r\n\r\n<p>Laporan Tahunan 2011</p>\r\n\r\n<p><a href="http://arthavest.com/plugins/uploaded/lpt-arthavest-2011.pdf" target="_blank"><img alt="" src="http://arthavest.com/plugins/uploaded/lpt-2011.png" style="height:211px; width:150px" /></a></p>', ''),
(65, 119, '<h3><strong>Laporan Keuangan&nbsp;2016</strong></h3>\r\n\r\n<p><a href="http://arthavest.com/plugins/uploaded/PT_Arthavest_Tbk_dan_Entitas_Anak_Dec_31,_2015.pdf" target="_blank">Periode pelaporan 2016</a></p>\r\n\r\n<p><a href="http://www.arthavest.com/plugins/uploaded/PT.Arthavest_Tbk_dan_Entitas_Anak_Mar_31,2016_Final.pdf" target="_blank">Kwartal I</a></p>\r\n\r\n<h3><strong>Laporan Keuangan&nbsp;2015</strong></h3>\r\n\r\n<p><a href="http://arthavest.com/plugins/uploaded/PT_Arthavest_Tbk_dan_Entitas_Anak_Dec_31,_2015.pdf" target="_blank">Periode pelaporan 2015</a></p>\r\n\r\n<p><a href="http://www.arthavest.com/plugins/uploaded/PT.Arthavest_Tbk_dan_Entitas_Anak_31_Mar_2015_(Tdk_Diaudit).pdf" target="_blank">Kwartal I</a></p>\r\n\r\n<p><a href="http://www.arthavest.com/plugins/uploaded/PT_Arthavest_Tbk_dan_Entitas_Anak_30_Juni_2015.pdf">Semester I</a></p>\r\n\r\n<p><a href="http://www.arthavest.com/plugins/uploaded/PT_Arthavest_Tbk_dan_Entitas_Anak_30_Sept_2015_(Tdk_Diaudit).pdf">Kwartal III</a></p>\r\n\r\n<p><a href="http://www.arthavest.com/plugins/uploaded/PT_Arthavest_Tbk_dan_Entitas_Anak_Dec_31,_2015.pdf">Semester II</a></p>\r\n\r\n<h3><strong>Laporan Keuangan&nbsp;2014</strong></h3>\r\n\r\n<p><a href="http://arthavest.com/plugins/uploaded/PT_Arthavest_Tbk_dan_Entitas_Anak_Dec_31,_2015.pdf" target="_blank">Periode pelaporan 2014</a></p>\r\n\r\n<p><a href="http://www.arthavest.com/plugins/uploaded/PT.Arthavest-Tbk-dan-Entitas-Anak-31-Mar-2014.pdf">Kwartal I</a></p>\r\n\r\n<p><a href="http://www.arthavest.com/plugins/uploaded/PT.Arthavest30Juni2014.pdf">Semester I</a></p>\r\n\r\n<p><a href="http://www.arthavest.com/plugins/uploaded/PT-Arthavest-Tbk-dan-Entitas-Anak-30-Sept-2014.pdf">Kwartal III</a></p>\r\n\r\n<p><a href="http://www.arthavest.com/plugins/uploaded/PT.Arthavest31Des2014.pdf">Semester II</a></p>\r\n\r\n<h3><strong>Laporan Keuangan&nbsp;2013</strong></h3>\r\n\r\n<p><a href="http://arthavest.com/plugins/uploaded/PT_Arthavest_Tbk_dan_Entitas_Anak_Dec_31,_2015.pdf" target="_blank">Periode pelaporan 2013</a></p>\r\n\r\n<p><a href="http://www.arthavest.com/plugins/uploaded/PT.Arthavest-Tbk-dan-Entitas-Anak-31-Mar-2013.pdf">Kwartal I</a></p>\r\n\r\n<p><a href="http://www.arthavest.com/plugins/uploaded/PT-Arthavest-Tbk-dan-Entitas-Anak-30-Juni-2013.pdf">Semester I</a></p>\r\n\r\n<p><a href="http://www.arthavest.com/plugins/uploaded/PT.Arthavest30Sept2013(Tdk_Diaudit).pdf">Kwartal III</a></p>\r\n\r\n<p><a href="http://www.arthavest.com/plugins/uploaded/PT.Arthavest-Tbk-dan-Entitas-Anak-31-Des-2013.pdf">Semester II</a></p>\r\n\r\n<h3><strong>Laporan Keuangan&nbsp;2012</strong></h3>\r\n\r\n<p><a href="http://arthavest.com/plugins/uploaded/PT_Arthavest_Tbk_dan_Entitas_Anak_Dec_31,_2015.pdf" target="_blank">Periode pelaporan 2012</a></p>\r\n\r\n<p><a href="http://www.arthavest.com/plugins/uploaded/PT.Arthavest31Maret2012.pdf">Kwartal I</a></p>\r\n\r\n<p><a href="http://www.arthavest.com/plugins/uploaded/PTArthavest30Juni2012.pdf">Semester I</a></p>\r\n\r\n<p><a href="http://www.arthavest.com/plugins/uploaded/Lap-keu-Konsolidasian-Interim-PT.Arthavest-Tbk-Sept-2012.pdf">Kwartal III</a></p>\r\n\r\n<p><a href="http://www.arthavest.com/plugins/uploaded/PT-Arthavest-Tbk-Dan-Entitas-Anak-31-Des-2012.pdf">Semester II</a></p>\r\n\r\n<h3><strong>Laporan Keuangan&nbsp;2011</strong></h3>\r\n\r\n<p><a href="http://arthavest.com/plugins/uploaded/PT_Arthavest_Tbk_dan_Entitas_Anak_Dec_31,_2015.pdf" target="_blank">Periode pelaporan 2011</a></p>\r\n\r\n<p><a href="http://www.arthavest.com/plugins/uploaded/PT_Arthavest_Tbk_dan_Entitas_Anak_31_Maret_2011_(Tdk_Diaudit).pdf">Kwartal I</a></p>\r\n\r\n<p><a href="http://www.arthavest.com/plugins/uploaded/PT_Arthavest_Tbk_dan_Entitas_Anak_30_Juni_2011.pdf">Semester I</a></p>\r\n\r\n<p><a href="http://www.arthavest.com/plugins/uploaded/PT_Arthavest_Tbk_dan_Entitas_Anak_30_Sept_2011.pdf">Kwartal III</a></p>\r\n\r\n<p><a href="http://www.arthavest.com/plugins/uploaded/PT_Arthavest_Tbk_dan_Entitas_Anak_30_Juni_2011.pdf">Semester II</a></p>\r\n\r\n<p>&nbsp;</p>\r\n\r\n<p>&nbsp;</p>\r\n', '');
INSERT INTO `t_body` (`id_tbody`, `id_menu`, `isi_menu`, `embed`) VALUES
(66, 120, '<ul>\n	<li><strong>RUPST &amp; RUPSLB</strong></li>\n</ul>\n\n<p><strong>&nbsp;&nbsp;&nbsp;&nbsp;&nbsp;&nbsp;&nbsp;&nbsp;&nbsp;&nbsp; 2016&nbsp;</strong></p>\n\n<p>&nbsp; &nbsp; &nbsp; &nbsp; &nbsp;&nbsp;<a href="http://www.arthavest.com/plugins/uploaded/001-Pemberitahuan_RUPST_(OJK).pdf">Pemberitahuan RUPST 20 Juni 2016</a></p>\n\n<p>&nbsp; &nbsp; &nbsp; &nbsp; &nbsp; <a href="http://arthavest.com/plugins/uploaded/Panggilan_RUPST_27_MEI_2016-versi_indo.pdf">Panggilan RUPST 20 Juni 2016</a></p>\n\n<p>&nbsp; &nbsp; &nbsp; &nbsp; &nbsp; <a href="http://arthavest.com/plugins/uploaded/Bahan_Mata_Acara_RUPST_2016-versi_Indo.pdf">Materi RUPST 20 Juni 2016</a></p>\n\n<p>&nbsp;&nbsp;&nbsp;&nbsp;&nbsp;&nbsp;&nbsp;&nbsp;&nbsp; <a href="http://www.arthavest.com/plugins/uploaded/BUKTI_IKLAN_HASIL_RUPST.pdf">Bukti Iklan Hasil RUPST 20 Juni 2016</a></p>\n\n<p>&nbsp;&nbsp;&nbsp;&nbsp;&nbsp;&nbsp;&nbsp;&nbsp;&nbsp; <a href="http://www.arthavest.com/plugins/uploaded/RISALAH_RAPAT_(LEOLIN_SH).pdf">Risalah RUPST 20 Juni 2016</a></p>\n\n<p>&nbsp;&nbsp;&nbsp;&nbsp;&nbsp;&nbsp;&nbsp;&nbsp;&nbsp;&nbsp; <strong>2015</strong></p>\n\n<p><strong>&nbsp;&nbsp;&nbsp;&nbsp;&nbsp;&nbsp;&nbsp;&nbsp;&nbsp;&nbsp;</strong><a href="http://www.arthavest.com/plugins/uploaded/RisalahRUPST.pdf"> Hasil RUPST &amp; RUPS LB 08 Juni 2015</a></p>\n\n<p>&nbsp;&nbsp;&nbsp;&nbsp;&nbsp;&nbsp;&nbsp;&nbsp;&nbsp;&nbsp;<strong> 2014</strong></p>\n\n<p><strong>&nbsp;&nbsp;&nbsp;&nbsp;&nbsp;&nbsp;&nbsp;&nbsp;&nbsp;&nbsp; </strong><a href="http://www.arthavest.com/plugins/uploaded/RisalahRapat12juni2014.pdf">Hasil RUPST 12 Juni 2014</a></p>\n\n<ul>\n	<li><strong>Public Expose</strong></li>\n</ul>\n\n<p>&nbsp;&nbsp;&nbsp;&nbsp;&nbsp;&nbsp;&nbsp;&nbsp;&nbsp;&nbsp; <a href="http://www.arthavest.com/plugins/uploaded/HASIL_PAPARAN_PUBLIK_PE_20_Juni_2016.pdf">Hasil Public Expose 20 Juni 2016</a></p>\n\n<ul>\n	<li><strong>Keterbukaan Informasi</strong>&nbsp;</li>\n</ul>\n\n<p>&nbsp;&nbsp;&nbsp;&nbsp;&nbsp;&nbsp;&nbsp;&nbsp;&nbsp;&nbsp; <strong>2016</strong></p>\n\n<p><strong>&nbsp;&nbsp;&nbsp;&nbsp;&nbsp;&nbsp;&nbsp;&nbsp;&nbsp;&nbsp;</strong> <a href="http://www.arthavest.com/plugins/uploaded/009_-Keterbukaan_Informasi_(OJK).pdf">Keterbukaan Informasi No.009/AV/II/2016-CSC</a></p>\n\n<p>&nbsp;&nbsp;&nbsp;&nbsp;&nbsp;&nbsp;&nbsp;&nbsp;&nbsp;&nbsp; <a href="http://www.arthavest.com/plugins/uploaded/Srt_Persetuj_dr_komisaris_terkait_perub_Komite_Audit.pdf">Persetujuan Komisaris terkait perubahan susunan di komite audit</a></p>\n\n<p>&nbsp;&nbsp;&nbsp;&nbsp;&nbsp;&nbsp;&nbsp;&nbsp;&nbsp;&nbsp;<strong> </strong></p>\n', ''),
(63, 117, '<p><img alt="" src="http://arthavest.com/plugins/uploaded/keuanganPerusahaan1.png	" style="height:782px; width:780px" /></p>\n\n<p><img alt="" src="http://arthavest.com/plugins/uploaded/keuanganPerusahaan2.png" /></p>\n', ''),
(60, 111, '<p><strong>Donor Darah</strong></p>\n\n<p><strong><img alt="" src="http://arthavest.com/plugins/uploaded/Donor-Darah-2015.png" style="height:133px; width:200px" /></strong></p>\n\n<p>Acara donor darah ini rutin diadakan oleh Hotel REDTOP setiap tiga (3) bulan sekali. Seluruh karyawan mengikuti acara donor darah ini sebagai aksi sosial karyawan Hotel REDTOP dan bentuk peduli terhadap sesama.</p>\n\n<p><strong>Buka Puasa Bersama</strong></p>\n\n<p><strong><img alt="" src="http://arthavest.com/plugins/uploaded/Buka-Puasa-2015.png" style="height:133px; width:200px" /></strong></p>\n\n<p>Hotel REDTOP menggelar acara buka puasa bersama dengan mengundang adik-adik Yatim Piatu dari warga di sekitar lingkungan hotel pada hari Senin, 21 Juli 2015. Acara yang bertempat di Emerald Ballroom ini merupakan salah satu bentuk kepedulian terhadap masyarakat. Acara tahunan ini pun turut dihadiri oleh segenap jajaran Manajemen, karyawan Hotel REDTOP, warga sekitar, dan rekan media. Sebagai salah satu bentuk kepedulian, Hotel REDTOP memberikan bingkisan berupa perlengkapan sekolah untuk adik-adik Yatim Piatu.</p>\n\n<p><strong>Penyalaan Lampu Natal</strong></p>\n\n<p><strong><img alt="" src="http://arthavest.com/plugins/uploaded/Natal-2015.png" style="height:133px; width:200px" /></strong></p>\n\n<p>Menyalakan lampu natal untuk pertama kalinya di tanggal 4 Desember 2015. Dengan mengundang beberapa anak yatim piatu dari Yayasan Kasih Mulia Sejati, acara dikemas dengan damai dan penuh kasih. Persembahan nyanyian dan tarian mengiringi acara dan bingkisan kepada anak yatim piatu yang penuh makna.</p>\n', ''),
(61, 114, '<p><strong>Blood Donation</strong></p>\n\n<p><img alt="" src="http://arthavest.com/plugins/uploaded/csr1.png" style="height:132px; width:200px" /></p>\n\n<p>The 2014 Blood Donation program received a very good response, hence it was held two (2) times, first on on February 7, 2014 and second in September 19, 2014. In collaboration with the Indonesian Red Cross (PMI) based in Kramat Center, Central Jakarta, the donor candidates were required to comply with certain medical condition requirements to donate blood. Which includes blood pressure and ideal body weight, adequacy of sleep, not in a state of menstruation, not having a disease, and do not consumed drug for at least since the previous day. Blood Donor activity is followed by all employees and management REDTOP Hotel. During 2014, blood donation was able to collect 96 bags of blood from 105 donors.</p>\n\n<p>&nbsp;</p>\n\n<p><strong>Breaking the fast together</strong></p>\n\n<p><img alt="" src="http://arthavest.com/plugins/uploaded/csr2.png" style="height:133px; width:200px" /></p>\n\n<p>In the holy month of Ramadan, the Company organizes breaking the fast event. This event was held on July 21, 2014 and packed with great simplicity by inviting orphaned children, local residents, the media and attended by all the management, leadership and employees of the REDTOP Hotel. In this occasion, REDTOP Hotel gave gifts such as school bags and a set of cutlery for the orphaned children. The event was held at the Emerald Ballroom was one form of charity from the REDTOP hotel to the society and to tighten the warm relationship and togetherness.</p>\n', ''),
(62, 115, '<p><strong>Blood Donation?</strong></p>\n\n<p><strong><img alt="" src="http://arthavest.com/plugins/uploaded/Donor-Darah-2015.png" /></strong></p>\n\n<p>The Blood Donor events were held regularly every three (3)&nbsp;months. The highly enthusiastic employees were constantly&nbsp;participating as a demonstration action of compassion and&nbsp;empathy.</p>\n\n<p><strong>Fast Breaking Together</strong></p>\n\n<p><strong><img alt="" src="http://arthavest.com/plugins/uploaded/Buka-Puasa-2015.png" /></strong></p>\n\n<p>REDTOP Hotel held the mass fast breaking event along with the&nbsp;orphaned children on Monday, July 21, 2015 in the Emerald&nbsp;Ballroom. The event showed the commitment toward Corporate&nbsp;Social Responsibility and was attended by the REDTOP Hotel&nbsp;management, employees, local communities and also media.&nbsp;School supplies were also being given for the children.</p>\n\n<p><strong>Tree Lighting?</strong></p>\n\n<p><strong><img alt="" src="http://arthavest.com/plugins/uploaded/Natal-2015.png" />?</strong></p>\n\n<p>The procession of lighting the first Christmas light during&nbsp;December 4, 2015. Being witnessed by many orphaned&nbsp;children from Yayasan Kasih Mulia Sejati, the event was held&nbsp;with full of Christmas spirit, accompanied with the Christmas&nbsp;songs &amp; dances which also gave out meaningful Christmas gifts&nbsp;as well.</p>\n', ''),
(67, 121, '<p><img alt="" src="http://arthavest.com/plugins/uploaded/keuanganPerusahaan1.png" style="height:782px; width:780px" /><img alt="" src="http://arthavest.com/plugins/uploaded/keuanganPerusahaan2.png" /></p>\n', ''),
(68, 122, '<p>Annual Report 2015</p>\r\n\r\n<p><a href="http://arthavest.com/plugins/uploaded/Annual-Report-2015-rev.pdf" target="_blank"><img alt="" src="http://arthavest.com/plugins/uploaded/lpt-2016.png" /></a></p>\r\n\r\n<p>Annual Report 2014</p>\r\n\r\n<p><a href="http://arthavest.com/plugins/uploaded/lpt-arthavest-2014.pdf" target="_blank"><img alt="" src="http://arthavest.com/plugins/uploaded/lpt-2014.png" /></a></p>\r\n\r\n<p>Annual Report 2013</p>\r\n\r\n<p><a href="http://arthavest.com/plugins/uploaded/lpt-arthavest-2013.pdf" target="_blank"><img alt="" src="http://arthavest.com/plugins/uploaded/lpt-2013.png" /></a></p>\r\n\r\n<p>Annual Report 2012</p>\r\n\r\n<p><a href="http://arthavest.com/plugins/uploaded/lpt-arthavest-2012.pdf" target="_blank"><img alt="" src="http://arthavest.com/plugins/uploaded/lpt-2012.png" /></a></p>\r\n\r\n<p>Annual Report 2011</p>\r\n\r\n<p><a href="http://arthavest.com/plugins/uploaded/lpt-arthavest-2011.pdf" target="_blank"><img alt="" src="http://arthavest.com/plugins/uploaded/lpt-2011.png" /></a></p>\r\n', ''),
(69, 123, '<h3><strong>Financial Report 2016</strong></h3>\r\n\r\n<p><a href="http://arthavest.com/plugins/uploaded/PT_Arthavest_Tbk_dan_Entitas_Anak_Dec_31,_2015.pdf" target="_blank">Full Year of 2016</a></p>\r\n\r\n<p><a href="http://www.arthavest.com/plugins/uploaded/PT.Arthavest_Tbk_dan_Entitas_Anak_Mar_31,2016_Final.pdf">Quarter I</a></p>\r\n\r\n<h3><strong>Financial Report 2015</strong></h3>\r\n\r\n<p><a href="http://arthavest.com/plugins/uploaded/PT_Arthavest_Tbk_dan_Entitas_Anak_Dec_31,_2015.pdf" target="_blank">Full Year of 2015</a></p>\r\n\r\n<p><a href="http://www.arthavest.com/plugins/uploaded/PT.Arthavest_Tbk_dan_Entitas_Anak_31_Mar_2015_(Tdk_Diaudit).pdf">Quarter I</a></p>\r\n\r\n<p><a href="http://www.arthavest.com/plugins/uploaded/PT.ArthavestTbk_dan_Entitas_Anak_30_Juni_2015.pdf">Semester I</a></p>\r\n\r\n<p><a href="http://www.arthavest.com/plugins/uploaded/PT_Arthavest_Tbk_dan_Entitas_Anak_30_Sept_2015_(Tdk_Diaudit).pdf">Quarter III</a></p>\r\n\r\n<p><a href="http://arthavest.com/plugins/uploaded/PT_Arthavest_Tbk_dan_Entitas_Anak_Dec_31,_2015.pdf">Semester II</a></p>\r\n\r\n<h3><strong>Financial Report 2014</strong></h3>\r\n\r\n<p><a href="http://arthavest.com/plugins/uploaded/PT_Arthavest_Tbk_dan_Entitas_Anak_Dec_31,_2015.pdf" target="_blank">Full Year of 2014</a></p>\r\n\r\n<p><a href="http://www.arthavest.com/plugins/uploaded/PT.Arthavest-Tbk-dan-Entitas-Anak-31-Mar-2014.pdf">Quarter&nbsp;I</a></p>\r\n\r\n<p><a href="http://www.arthavest.com/plugins/uploaded/PT.Arthavest30Juni2014.pdf">Semester I</a></p>\r\n\r\n<p><a href="http://www.arthavest.com/plugins/uploaded/PT-Arthavest-Tbk-dan-Entitas-Anak-30-Sept-2014.pdf">Quarter III</a></p>\r\n\r\n<p><a href="http://www.arthavest.com/plugins/uploaded/PT.Arthavest31Des2014.pdf">Semester II</a></p>\r\n\r\n<h3><strong>Financial Report 2013</strong></h3>\r\n\r\n<p><a href="http://arthavest.com/plugins/uploaded/PT_Arthavest_Tbk_dan_Entitas_Anak_Dec_31,_2015.pdf" target="_blank">Full Year of 2013</a></p>\r\n\r\n<p><a href="http://www.arthavest.com/plugins/uploaded/PT.Arthavest-Tbk-dan-Entitas-Anak-31-Mar-2013.pdf">Quarter&nbsp;I</a></p>\r\n\r\n<p><a href="http://www.arthavest.com/plugins/uploaded/PT-Arthavest-Tbk-dan-Entitas-Anak-30-Juni-2013.pdf">Semester I</a></p>\r\n\r\n<p><a href="http://www.arthavest.com/plugins/uploaded/PT.Arthavest30Sept2013(Tdk_Diaudit).pdf">Quarter&nbsp;III</a></p>\r\n\r\n<p><a href="http://www.arthavest.com/plugins/uploaded/PT.Arthavest-Tbk-dan-Entitas-Anak-31-Des-2013.pdf">Semester II</a></p>\r\n\r\n<h3><strong>Financial Report 2012</strong></h3>\r\n\r\n<p><a href="http://arthavest.com/plugins/uploaded/PT_Arthavest_Tbk_dan_Entitas_Anak_Dec_31,_2015.pdf" target="_blank">Full Year of 2012</a></p>\r\n\r\n<p><a href="http://www.arthavest.com/plugins/uploaded/PT.Arthavest31Maret2012.pdf">Quarter I</a></p>\r\n\r\n<p><a href="http://www.arthavest.com/plugins/uploaded/PTArthavest30Juni2012.pdf">Semester I</a></p>\r\n\r\n<p><a href="http://www.arthavest.com/plugins/uploaded/Lap-keu-Konsolidasian-Interim-PT.Arthavest-Tbk-Sept-2012.pdf">Quarter&nbsp;III</a></p>\r\n\r\n<p><a href="http://www.arthavest.com/plugins/uploaded/PT-Arthavest-Tbk-Dan-Entitas-Anak-31-Des-2012.pdf">Semester II</a></p>\r\n\r\n<h3><strong>Financial Report 2011</strong></h3>\r\n\r\n<p><a href="http://arthavest.com/plugins/uploaded/PT_Arthavest_Tbk_dan_Entitas_Anak_Dec_31,_2015.pdf" target="_blank">Full Year of 2011</a></p>\r\n\r\n<p><a href="http://www.arthavest.com/plugins/uploaded/PT_Arthavest_Tbk_dan_Entitas_Anak_31_Maret_2011_(Tdk_Diaudit).pdf">Quarter I</a></p>\r\n\r\n<p><a href="http://www.arthavest.com/plugins/uploaded/PT_Arthavest_Tbk_dan_Entitas_Anak_30_Juni_2011.pdf">Semester I</a></p>\r\n\r\n<p><a href="http://www.arthavest.com/plugins/uploaded/PT_Arthavest_Tbk_dan_Entitas_Anak_30_Sept_2011.pdf">Quarter III</a></p>\r\n\r\n<p><a href="http://www.arthavest.com/plugins/uploaded/PT.Arthavest_Tbk_dan_Entitas_Anak_31_Des_2011.pdf">Semester II</a></p>\r\n', ''),
(70, 124, '<ul>\n	<li><strong>AGMS &amp; EGM</strong></li>\n</ul>\n\n<p>&nbsp;&nbsp;&nbsp;&nbsp;&nbsp;&nbsp;&nbsp;&nbsp;&nbsp;<strong> 2016</strong></p>\n\n<p><strong>&nbsp;&nbsp;&nbsp;&nbsp;&nbsp;&nbsp;&nbsp;&nbsp;&nbsp;</strong><a href="http://www.arthavest.com/plugins/uploaded/Announcement_of_AGMS_.pdf">Announcement AGMS June 20,2016</a></p>\n\n<p>&nbsp; &nbsp; &nbsp; &nbsp; &nbsp;<a href="http://arthavest.com/plugins/uploaded/Panggilan_of_AGMS-versi_inggris.pdf">Summon of the AGMS June 20,2016</a></p>\n\n<p>&nbsp; &nbsp; &nbsp; &nbsp; &nbsp;<a href="http://arthavest.com/plugins/uploaded/Bahan_Mata_Acara_RUPST_2016-versi_Inggris_utk_pdf.pdf">Material of AGMS June 20,2016</a></p>\n\n<p>&nbsp;&nbsp;&nbsp;&nbsp;&nbsp;&nbsp;&nbsp;&nbsp; <a href="http://www.arthavest.com/plugins/uploaded/Final_Summary_Annual_General_Meeting_ARTHAVEST_2016.pdf">Summary Notice of AGMS June 20,2016</a></p>\n\n<ul>\n	<li><strong>Disclosure Information</strong></li>\n</ul>\n\n<p>&nbsp;&nbsp;&nbsp;&nbsp;&nbsp;&nbsp;&nbsp;&nbsp;&nbsp;<a href="http://www.arthavest.com/plugins/uploaded/009-KeterbukaanInformasi(OJK)-inggris.pdf"><strong> 2016</strong></a></p>\n\n<p><strong>&nbsp;&nbsp;&nbsp;&nbsp;&nbsp;&nbsp;&nbsp;&nbsp; </strong><a href="http://www.arthavest.com/plugins/uploaded/009-KeterbukaanInformasi(OJK)-inggris.pdf">Disclosure Information No.009/AV/II/2016-CSC</a></p>\n\n<p>&nbsp;&nbsp;&nbsp;&nbsp;&nbsp;&nbsp;&nbsp;&nbsp; <a href="http://www.arthavest.com/plugins/uploaded/Srt_Persetuj_dr_komisaris_terkait_perub_Komite_Audit.pdf">Commissioner Approval Letter about changes of composition of Audit Comittee</a></p>\n', '');

-- --------------------------------------------------------

--
-- Table structure for table `t_content_home`
--

CREATE TABLE IF NOT EXISTS `t_content_home` (
  `id_content_home` int(11) NOT NULL AUTO_INCREMENT,
  `id_menu` int(11) NOT NULL,
  `head_title` varchar(99) NOT NULL,
  `isi` text NOT NULL,
  `icon_img` varchar(255) NOT NULL,
  PRIMARY KEY (`id_content_home`)
) ENGINE=MyISAM  DEFAULT CHARSET=latin1 AUTO_INCREMENT=7 ;

--
-- Dumping data for table `t_content_home`
--

INSERT INTO `t_content_home` (`id_content_home`, `id_menu`, `head_title`, `isi`, `icon_img`) VALUES
(1, 1, 'PT. Arthavest Tbk', '', 'icon1.png'),
(2, 1, 'Red Top Hotel', '', 'icon2.png'),
(3, 1, 'Investasi', '<img src="http://chart.finance.yahoo.com/z?s=ARTA.JK&t=6m&lang=en&width=500&height=250" width="100%" height=250>', 'icon3.png'),
(4, 45, 'PT. Arthavest Tbk', '', 'icon1.png'),
(5, 45, 'Red Top Hotel', '', 'icon2.png'),
(6, 45, 'Investing', '<img src="http://chart.finance.yahoo.com/z?s=ARTA.JK&t=6m&lang=en&width=500&height=250" width="100%" height=250>', 'icon3.png');

-- --------------------------------------------------------

--
-- Table structure for table `t_head`
--

CREATE TABLE IF NOT EXISTS `t_head` (
  `id_thead` int(11) NOT NULL AUTO_INCREMENT,
  `id_menu` int(11) NOT NULL,
  `head_title` varchar(99) NOT NULL,
  PRIMARY KEY (`id_thead`)
) ENGINE=MyISAM DEFAULT CHARSET=latin1 AUTO_INCREMENT=1 ;

-- --------------------------------------------------------

--
-- Table structure for table `t_head_img`
--

CREATE TABLE IF NOT EXISTS `t_head_img` (
  `id_img` int(11) NOT NULL AUTO_INCREMENT,
  `id_menu` int(11) NOT NULL,
  `image_name` varchar(99) NOT NULL,
  PRIMARY KEY (`id_img`)
) ENGINE=MyISAM  DEFAULT CHARSET=latin1 AUTO_INCREMENT=112 ;

--
-- Dumping data for table `t_head_img`
--

INSERT INTO `t_head_img` (`id_img`, `id_menu`, `image_name`) VALUES
(43, 45, 'WebsiteBar.jpg'),
(44, 45, 'WebsiteBar2.jpg'),
(42, 28, '2015-10-19_00001.jpg'),
(38, 1, 'WebsiteBar.jpg'),
(39, 1, 'WebsiteBar2.jpg'),
(40, 1, 'WebsiteBar3.jpg'),
(41, 30, 'DreamhackSignature-1.png'),
(37, 17, 'DreamhackSignature-1.png'),
(45, 45, 'WebsiteBar3.jpg'),
(46, 46, 'slide4.jpg'),
(47, 49, 'slide4.jpg'),
(48, 50, 'slide5.jpg'),
(49, 53, 'slide1.jpg'),
(50, 51, 'slide3.jpg'),
(51, 54, 'slide2.jpg'),
(52, 43, 'slide5.jpg'),
(53, 44, 'slide3.jpg'),
(54, 55, 'slide1.jpg'),
(55, 59, 'slide5.jpg'),
(56, 56, 'slide4.jpg'),
(57, 57, 'slide1.jpg'),
(58, 58, 'slide5.jpg'),
(59, 61, 'slide2.jpg'),
(60, 62, 'slide2.jpg'),
(61, 64, 'slide3.jpg'),
(62, 63, 'slide2.jpg'),
(63, 65, 'slide4.jpg'),
(64, 67, 'slide4.jpg'),
(65, 68, 'slide3.jpg'),
(66, 69, 'slide5.jpg'),
(67, 40, 'slide5.jpg'),
(68, 31, 'slide5.jpg'),
(69, 71, 'slide4.jpg'),
(70, 70, 'slide3.jpg'),
(71, 52, 'slide3.jpg'),
(72, 73, 'slide1.jpg'),
(73, 74, 'slide1.jpg'),
(74, 80, 'slide1.jpg'),
(75, 83, 'slide3.jpg'),
(76, 85, 'slide1.jpg'),
(77, 84, 'slide2.jpg'),
(78, 86, 'slide1.jpg'),
(79, 87, 'slide1.jpg'),
(80, 66, 'slide2.jpg'),
(81, 95, 'slide4.jpg'),
(82, 94, 'slide4.jpg'),
(83, 93, 'slide4.jpg'),
(84, 91, 'slide4.jpg'),
(85, 92, 'slide4.jpg'),
(86, 100, 'slide4.jpg'),
(87, 99, 'slide4.jpg'),
(88, 98, 'slide4.jpg'),
(89, 96, 'slide4.jpg'),
(90, 97, 'slide4.jpg'),
(91, 101, 'slide4.jpg'),
(92, 102, 'slide4.jpg'),
(93, 103, 'slide4.jpg'),
(94, 104, 'slide4.jpg'),
(95, 105, 'slide4.jpg'),
(96, 106, 'slide4.jpg'),
(97, 107, 'slide4.jpg'),
(98, 108, 'slide4.jpg'),
(99, 109, 'slide4.jpg'),
(100, 110, 'slide4.jpg'),
(101, 114, 'slide4.jpg'),
(102, 111, 'slide4.jpg'),
(103, 115, 'slide4.jpg'),
(104, 117, 'slide4.jpg'),
(105, 118, 'slide4.jpg'),
(106, 119, 'slide4.jpg'),
(107, 120, 'slide4.jpg'),
(108, 121, 'slide4.jpg'),
(109, 122, 'slide4.jpg'),
(110, 123, 'slide4.jpg'),
(111, 124, 'slide4.jpg');

-- --------------------------------------------------------

--
-- Table structure for table `t_language`
--

CREATE TABLE IF NOT EXISTS `t_language` (
  `id_language` int(11) NOT NULL AUTO_INCREMENT,
  `language_name` varchar(99) NOT NULL,
  PRIMARY KEY (`id_language`)
) ENGINE=MyISAM  DEFAULT CHARSET=latin1 AUTO_INCREMENT=3 ;

--
-- Dumping data for table `t_language`
--

INSERT INTO `t_language` (`id_language`, `language_name`) VALUES
(1, 'Indonesia'),
(2, 'English');

-- --------------------------------------------------------

--
-- Table structure for table `t_menu`
--

CREATE TABLE IF NOT EXISTS `t_menu` (
  `id_menu` int(11) NOT NULL AUTO_INCREMENT,
  `id_parent` int(11) NOT NULL,
  `id_child` int(11) NOT NULL,
  `menu_name` varchar(99) NOT NULL,
  `child_active` int(11) NOT NULL,
  `lvl_menu` int(11) NOT NULL,
  `id_language` int(11) NOT NULL,
  PRIMARY KEY (`id_menu`)
) ENGINE=MyISAM  DEFAULT CHARSET=latin1 AUTO_INCREMENT=125 ;

--
-- Dumping data for table `t_menu`
--

INSERT INTO `t_menu` (`id_menu`, `id_parent`, `id_child`, `menu_name`, `child_active`, `lvl_menu`, `id_language`) VALUES
(1, 1, 0, 'Home', 1, 1, 1),
(50, 10, 0, 'Visi Misi', 0, 2, 1),
(31, 4, 99, 'Kontak Kami', 0, 1, 1),
(51, 10, 0, 'Dewan Komisaris', 0, 2, 1),
(46, 10, 0, 'Tentang Kami', 0, 1, 1),
(54, 10, 0, 'Anak Perusahaan', 0, 2, 1),
(53, 10, 0, 'Struktur Organisasi', 0, 2, 1),
(52, 10, 0, 'Dewan Direksi', 0, 2, 1),
(40, 8, 99, 'Contact Us', 0, 1, 2),
(44, 9, 0, 'Company History', 0, 2, 2),
(43, 9, 0, 'About Us', 0, 1, 2),
(45, 1, 0, 'Home', 1, 1, 2),
(49, 10, 0, 'Sejarah Perusahaan', 0, 2, 1),
(55, 9, 0, 'Vision & Mision', 0, 2, 2),
(56, 9, 0, 'Board Of Commissioners', 0, 2, 2),
(57, 9, 0, 'Board Of Directors', 0, 2, 2),
(58, 9, 0, 'Organization Structure', 0, 2, 2),
(59, 9, 0, 'Our Subsidiaries', 0, 2, 2),
(60, 11, 0, 'Tata Kelola Perusahaan', 0, 1, 1),
(92, 11, 0, 'Struktur Tata Kelola', 0, 2, 1),
(91, 11, 0, 'Prinsip Tata kelola Perusahaan', 0, 2, 1),
(65, 12, 0, 'Good Corporate Governance', 0, 1, 2),
(97, 12, 0, 'Governance Structures', 0, 2, 2),
(96, 12, 0, 'Good Corporate Governance', 0, 2, 2),
(70, 13, 0, 'Corporate Social Responsibilty', 0, 1, 2),
(71, 14, 0, 'Tanggung Jawab Sosial', 0, 1, 1),
(72, 15, 0, 'Info Investor', 0, 1, 1),
(84, 16, 0, 'Chronology of Stock Listing', 0, 2, 2),
(74, 16, 0, 'Investor Info', 0, 1, 2),
(87, 16, 0, 'Supporting Professionals', 0, 2, 2),
(86, 15, 0, 'Profesi Penunjang', 0, 2, 1),
(85, 15, 0, 'Kronologis Pencatatan Saham', 0, 2, 1),
(83, 15, 0, 'Informasi Pemegang Saham', 0, 2, 1),
(80, 16, 0, 'Shareholders Information', 0, 2, 2),
(93, 11, 0, 'Kode Etik', 0, 2, 1),
(94, 11, 0, 'Komite Audit', 0, 2, 1),
(95, 11, 0, 'Sekretaris Perusahaan', 0, 2, 1),
(98, 12, 0, 'Code Of Conduct', 0, 2, 2),
(99, 12, 0, 'The Audit Committee', 0, 2, 2),
(100, 12, 0, 'Corporate Secretary', 0, 2, 2),
(101, 11, 0, 'Fungsi Nominasi & Remunerasi', 0, 2, 1),
(102, 12, 0, 'Nomination and Remuneration ', 0, 2, 2),
(103, 14, 0, '2014', 0, 2, 1),
(119, 15, 0, 'Laporan Keuangan', 0, 2, 1),
(121, 16, 0, 'Financial Highlights', 0, 2, 2),
(117, 15, 0, 'Informasi Keuangan Perusahaan', 0, 2, 1),
(118, 15, 0, 'Laporan Tahunan', 0, 2, 1),
(122, 16, 0, 'Annual Reports', 0, 2, 2),
(111, 14, 0, '2015', 0, 2, 1),
(115, 13, 0, '2015', 0, 2, 2),
(114, 13, 0, '2014', 0, 2, 2),
(120, 15, 0, 'Pengumuman & Pemberitahuan', 0, 2, 1),
(123, 16, 0, 'Financial Reports', 0, 2, 2),
(124, 16, 0, 'Announcements and Disclosures', 0, 2, 2);

-- --------------------------------------------------------

--
-- Table structure for table `t_upload`
--

CREATE TABLE IF NOT EXISTS `t_upload` (
  `id_upload` int(11) NOT NULL AUTO_INCREMENT,
  `url_file` varchar(200) NOT NULL,
  `file_name` varchar(100) NOT NULL,
  `time_upload` timestamp NOT NULL DEFAULT CURRENT_TIMESTAMP,
  PRIMARY KEY (`id_upload`)
) ENGINE=InnoDB  DEFAULT CHARSET=latin1 AUTO_INCREMENT=93 ;

--
-- Dumping data for table `t_upload`
--

INSERT INTO `t_upload` (`id_upload`, `url_file`, `file_name`, `time_upload`) VALUES
(9, 'http://arthavest.com/plugins/uploaded/Tabel.jpg', 'Tabel.jpg', '2016-04-04 16:14:50'),
(10, 'http://arthavest.com/plugins/uploaded/Tabel2.jpg', 'Tabel2.jpg', '2016-04-04 16:15:07'),
(11, 'http://arthavest.com/plugins/uploaded/Struktur_Org.jpg', 'Struktur_Org.jpg', '2016-04-04 16:19:20'),
(12, 'http://arthavest.com/plugins/uploaded/jeremy.png', 'jeremy.png', '2016-04-22 04:10:29'),
(13, 'http://arthavest.com/plugins/uploaded/buntardjo.png', 'buntardjo.png', '2016-04-22 04:10:44'),
(14, 'http://arthavest.com/plugins/uploaded/nur.png', 'nur.png', '2016-04-22 04:10:56'),
(15, 'http://arthavest.com/plugins/uploaded/sheimey.jpg', 'sheimey.jpg', '2016-04-22 04:11:26'),
(16, 'http://arthavest.com/plugins/uploaded/wenlie.png', 'wenlie.png', '2016-04-22 04:22:12'),
(17, 'http://arthavest.com/plugins/uploaded/henry.png', 'henry.png', '2016-04-22 04:22:26'),
(18, 'http://arthavest.com/plugins/uploaded/Struktur_Org3.jpg', 'Struktur_Org3.jpg', '2016-04-22 05:13:33'),
(19, 'http://arthavest.com/plugins/uploaded/Struktur_Org3.jpg', 'Struktur_Org3.jpg', '2016-04-22 05:16:09'),
(20, 'http://arthavest.com/plugins/uploaded/Struktur_Org2.jpg', 'Struktur_Org2.jpg', '2016-04-22 05:16:43'),
(21, 'http://arthavest.com/plugins/uploaded/csr1.png', 'csr1.png', '2016-04-22 05:43:19'),
(22, 'http://arthavest.com/plugins/uploaded/csr2.png', 'csr2.png', '2016-04-22 05:43:33'),
(23, 'http://arthavest.com/plugins/uploaded/lpt-2010.png', 'lpt-2010.png', '2016-04-22 06:04:22'),
(24, 'http://arthavest.com/plugins/uploaded/lpt-2011.png', 'lpt-2011.png', '2016-04-22 06:04:34'),
(25, 'http://arthavest.com/plugins/uploaded/lpt-2013.png', 'lpt-2013.png', '2016-04-22 06:04:43'),
(26, 'http://arthavest.com/plugins/uploaded/lpt-2014.png', 'lpt-2014.png', '2016-04-22 06:04:51'),
(27, 'http://arthavest.com/plugins/uploaded/slide4.jpg', 'slide4.jpg', '2016-04-22 06:10:38'),
(28, 'http://arthavest.com/plugins/uploaded/Tanggung_jawab_social_perusahaan_(csr).docx', 'Tanggung_jawab_social_perusahaan_(csr).docx', '2016-04-22 06:15:03'),
(29, 'http://arthavest.com/plugins/uploaded/img-405131421.pdf', 'img-405131421.pdf', '2016-04-22 06:16:56'),
(30, 'http://arthavest.com/plugins/uploaded/lpt-2012.png', 'lpt-2012.png', '2016-04-22 06:38:22'),
(31, 'http://arthavest.com/plugins/uploaded/Tabel-pencatatan-saham.jpg', 'Tabel-pencatatan-saham.jpg', '2016-04-22 06:46:02'),
(32, 'http://arthavest.com/plugins/uploaded/PT_Arthavest_Tbk_dan_Entitas_Anak_Dec_31,_2015.pdf', 'PT_Arthavest_Tbk_dan_Entitas_Anak_Dec_31,_2015.pdf', '2016-04-22 06:57:14'),
(33, 'http://www.arthavest.com/plugins/uploaded/PT.Arthavest_Tbk_dan_Entitas_Anak_31_Mar_2015_(Tdk_Diaudit).pdf', 'PT.Arthavest_Tbk_dan_Entitas_Anak_31_Mar_2015_(Tdk_Diaudit).pdf', '2016-04-26 03:31:31'),
(34, 'http://www.arthavest.com/plugins/uploaded/PT_Arthavest_Tbk_dan_Entitas_Anak__30_Juni_2015.pdf', 'PT_Arthavest_Tbk_dan_Entitas_Anak__30_Juni_2015.pdf', '2016-04-26 03:38:58'),
(35, 'http://www.arthavest.com/plugins/uploaded/PT_Arthavest_Tbk_dan__Entitas_Anak_30_Sept_2015_(Tdk_Diaudit).pdf', 'PT_Arthavest_Tbk_dan__Entitas_Anak_30_Sept_2015_(Tdk_Diaudit).pdf', '2016-04-26 03:40:31'),
(36, 'http://www.arthavest.com/plugins/uploaded/PT_Arthavest_Tbk_dan_Entitas_Anak_Dec_31,_2015.pdf', 'PT_Arthavest_Tbk_dan_Entitas_Anak_Dec_31,_2015.pdf', '2016-04-26 03:41:14'),
(37, 'http://www.arthavest.com/plugins/uploaded/PT_Arthavest_Tbk_dan_Entitas_Anak_30_Juni_2015.pdf', 'PT_Arthavest_Tbk_dan_Entitas_Anak_30_Juni_2015.pdf', '2016-04-26 03:51:24'),
(38, 'http://arthavest.com/plugins/uploaded/lpt-2016.png', 'lpt-2016.png', '2016-04-26 04:09:36'),
(39, 'http://arthavest.com/plugins/uploaded/Audit_Committee_Charter_PT.Arthavest_Tbk.pdf', 'Audit_Committee_Charter_PT.Arthavest_Tbk.pdf', '2016-04-26 04:40:36'),
(40, 'http://arthavest.com/plugins/uploaded/Piagam_Komite_Audit_PT._Arthavest_Tbk_Revisi_2015.pdf', 'Piagam_Komite_Audit_PT._Arthavest_Tbk_Revisi_2015.pdf', '2016-04-26 04:40:49'),
(41, 'http://www.arthavest.com/plugins/uploaded/Pedoman_dan_Tata_Kerja_Dewan_Komisaris.pdf', 'Pedoman_dan_Tata_Kerja_Dewan_Komisaris.pdf', '2016-04-26 04:55:22'),
(42, 'http://www.arthavest.com/plugins/uploaded/Pedoman_dan_Tata_Kerja_Dewan_Direksi.pdf', 'Pedoman_dan_Tata_Kerja_Dewan_Direksi.pdf', '2016-04-26 04:58:35'),
(43, 'http://www.arthavest.com/plugins/uploaded/PT_Arthavest_Tbk_dan_Entitas_Anak_30_Sept_2015_(Tdk_Diaudit).pdf', 'PT_Arthavest_Tbk_dan_Entitas_Anak_30_Sept_2015_(Tdk_Diaudit).pdf', '2016-04-26 06:55:05'),
(44, 'http://www.arthavest.com/plugins/uploaded/PT.ArthavestTbk_dan_Entitas_Anak_30_Juni_2015.pdf', 'PT.ArthavestTbk_dan_Entitas_Anak_30_Juni_2015.pdf', '2016-04-26 06:59:32'),
(45, 'http://www.arthavest.com/plugins/uploaded/PT.Arthavest31Des2014.pdf', 'PT.Arthavest31Des2014.pdf', '2016-04-26 07:13:18'),
(46, 'http://www.arthavest.com/plugins/uploaded/PT.Arthavest30Juni2014.pdf', 'PT.Arthavest30Juni2014.pdf', '2016-04-26 07:21:40'),
(47, 'http://www.arthavest.com/plugins/uploaded/PT.Arthavest30Sept2013(Tdk_Diaudit).pdf', 'PT.Arthavest30Sept2013(Tdk_Diaudit).pdf', '2016-04-26 07:34:27'),
(48, 'http://www.arthavest.com/plugins/uploaded/PT.Arthavest30Sept2013(Tdk_Diaudit).pdf', 'PT.Arthavest30Sept2013(Tdk_Diaudit).pdf', '2016-04-26 07:35:13'),
(49, 'http://www.arthavest.com/plugins/uploaded/PT.Arthavest31Maret2012.pdf', 'PT.Arthavest31Maret2012.pdf', '2016-04-26 07:45:20'),
(50, 'http://www.arthavest.com/plugins/uploaded/PTArthavest30Juni2012.pdf', 'PTArthavest30Juni2012.pdf', '2016-04-26 07:45:48'),
(51, 'http://www.arthavest.com/plugins/uploaded/PT.Arthavest_Tbk_dan_Entitas_Anak_31_Des_2011.pdf', 'PT.Arthavest_Tbk_dan_Entitas_Anak_31_Des_2011.pdf', '2016-04-26 07:58:44'),
(52, 'http://www.arthavest.com/plugins/uploaded/PT_Arthavest_Tbk_dan_Entitas_Anak_30_Sept_2011.pdf', 'PT_Arthavest_Tbk_dan_Entitas_Anak_30_Sept_2011.pdf', '2016-04-26 08:00:18'),
(53, 'http://www.arthavest.com/plugins/uploaded/PT_Arthavest_Tbk_dan_Entitas_Anak_30_Juni_2011.pdf', 'PT_Arthavest_Tbk_dan_Entitas_Anak_30_Juni_2011.pdf', '2016-04-26 08:08:57'),
(54, 'http://www.arthavest.com/plugins/uploaded/PT_Arthavest_Tbk_dan_Entitas_Anak_31_Maret_2011_(Tdk_Diaudit).pdf', 'PT_Arthavest_Tbk_dan_Entitas_Anak_31_Maret_2011_(Tdk_Diaudit).pdf', '2016-04-26 08:09:14'),
(55, 'http://www.arthavest.com/plugins/uploaded/BOC_Guidance_&_Working_Procedure.pdf', 'BOC_Guidance_&_Working_Procedure.pdf', '2016-04-26 08:27:05'),
(56, 'http://www.arthavest.com/plugins/uploaded/BOD_Guidance_&_Working_Procedure.pdf', 'BOD_Guidance_&_Working_Procedure.pdf', '2016-04-26 08:27:12'),
(57, 'http://arthavest.com/plugins/uploaded/Donor-Darah-2015.png', 'Donor-Darah-2015.png', '2016-04-26 15:39:33'),
(58, 'http://arthavest.com/plugins/uploaded/Buka-Puasa-2015.png', 'Buka-Puasa-2015.png', '2016-04-26 15:39:43'),
(59, 'http://arthavest.com/plugins/uploaded/Natal-2015.png', 'Natal-2015.png', '2016-04-26 15:39:53'),
(60, 'http://www.arthavest.com/plugins/uploaded/PT.Arthavest_Tbk_dan__Entitas_Anak_Mar_31,2016_Final.pdf', 'PT.Arthavest_Tbk_dan__Entitas_Anak_Mar_31,2016_Final.pdf', '2016-04-28 07:20:47'),
(61, 'http://www.arthavest.com/plugins/uploaded/PT.Arthavest_Tbk_dan_Entitas_Anak_Mar_31,2016_Final.pdf', 'PT.Arthavest_Tbk_dan_Entitas_Anak_Mar_31,2016_Final.pdf', '2016-04-28 07:22:14'),
(62, 'http://arthavest.com/plugins/uploaded/tabel_kronologi_pencatatan_saham_-_bahasa_indo.jpg', 'tabel_kronologi_pencatatan_saham_-_bahasa_indo.jpg', '2016-04-28 17:11:05'),
(63, 'http://arthavest.com/plugins/uploaded/tabel_kronologi_pencatatan_saham_-_english.jpg', 'tabel_kronologi_pencatatan_saham_-_english.jpg', '2016-04-28 17:11:44'),
(64, 'http://arthavest.com/plugins/uploaded/tabel_pemegang_saham_-_bahasa_indo.jpg', 'tabel_pemegang_saham_-_bahasa_indo.jpg', '2016-04-28 17:11:55'),
(65, 'http://arthavest.com/plugins/uploaded/tabel_pemegang_saham_-_english.jpg', 'tabel_pemegang_saham_-_english.jpg', '2016-04-28 17:12:13'),
(66, 'http://arthavest.com/plugins/uploaded/Struktur_Org33.jpg', 'Struktur_Org33.jpg', '2016-04-29 04:12:44'),
(67, 'http://www.arthavest.com/plugins/uploaded/001-Pemberitahuan_RUPST_(OJK).pdf', '001-Pemberitahuan_RUPST_(OJK).pdf', '2016-05-03 02:12:29'),
(68, 'http://www.arthavest.com/plugins/uploaded/Announcement_of_AGMS_.pdf', 'Announcement_of_AGMS_.pdf', '2016-05-03 02:12:37'),
(69, 'http://www.arthavest.com/plugins/uploaded/009_-Keterbukaan_Informasi_(OJK).pdf', '009_-Keterbukaan_Informasi_(OJK).pdf', '2016-05-03 02:31:08'),
(70, 'http://www.arthavest.com/plugins/uploaded/Risalah_RUPST&LB_8_Juni_15.pdf', 'Risalah_RUPST&LB_8_Juni_15.pdf', '2016-05-03 07:50:29'),
(71, 'http://www.arthavest.com/plugins/uploaded/Risalah_RUPST&LB08Juni_15.pdf', 'Risalah_RUPST&LB08Juni_15.pdf', '2016-05-03 07:56:58'),
(72, 'http://www.arthavest.com/plugins/uploaded/Risalah_RUPST&LB08Juni15.pdf', 'Risalah_RUPST&LB08Juni15.pdf', '2016-05-03 07:58:45'),
(73, 'http://www.arthavest.com/plugins/uploaded/RisalahRUPST&LB08Juni15.pdf', 'RisalahRUPST&LB08Juni15.pdf', '2016-05-03 08:00:29'),
(74, 'http://www.arthavest.com/plugins/uploaded/RisalahRUPST.pdf', 'RisalahRUPST.pdf', '2016-05-03 08:04:03'),
(75, 'http://www.arthavest.com/plugins/uploaded/RisalahRapat12juni2014.pdf', 'RisalahRapat12juni2014.pdf', '2016-05-03 08:15:39'),
(76, 'http://www.arthavest.com/plugins/uploaded/KeterbukaaninformasiASDM.pdf', 'KeterbukaaninformasiASDM.pdf', '2016-05-03 08:20:29'),
(77, 'http://www.arthavest.com/plugins/uploaded/009_-Keterbukaan_Informasi_(OJK)-inggris.pdf', '009_-Keterbukaan_Informasi_(OJK)-inggris.pdf', '2016-05-10 02:30:38'),
(78, 'http://www.arthavest.com/plugins/uploaded/009-KeterbukaanInformasi(OJK)-inggris.pdf', '009-KeterbukaanInformasi(OJK)-inggris.pdf', '2016-05-10 02:35:31'),
(79, 'http://arthavest.com/plugins/uploaded/Bahan_Mata_Acara_RUPST_2016-versi_Indo.pdf', 'Bahan_Mata_Acara_RUPST_2016-versi_Indo.pdf', '2016-05-26 13:32:58'),
(80, 'http://arthavest.com/plugins/uploaded/Bahan_Mata_Acara_RUPST_2016-versi_Inggris_utk_pdf.pdf', 'Bahan_Mata_Acara_RUPST_2016-versi_Inggris_utk_pdf.pdf', '2016-05-26 13:33:09'),
(81, 'http://arthavest.com/plugins/uploaded/Panggilan_of_AGMS-versi_inggris.pdf', 'Panggilan_of_AGMS-versi_inggris.pdf', '2016-05-26 13:33:18'),
(82, 'http://arthavest.com/plugins/uploaded/Panggilan_RUPST_27_MEI_2016-versi_indo.pdf', 'Panggilan_RUPST_27_MEI_2016-versi_indo.pdf', '2016-05-26 13:33:27'),
(83, 'http://arthavest.com/plugins/uploaded/keuanganPerusahaan1.png', 'keuanganPerusahaan1.png', '2016-05-26 13:48:28'),
(84, 'http://arthavest.com/plugins/uploaded/keuanganPerusahaan2.png', 'keuanganPerusahaan2.png', '2016-05-26 13:48:36'),
(85, 'http://www.arthavest.com/plugins/uploaded/Srt_persetuj_dr_komisaris_utk_pengangkatan_andre_sbg_KA.pdf', 'Srt_persetuj_dr_komisaris_utk_pengangkatan_andre_sbg_KA.pdf', '2016-06-20 09:31:25'),
(86, 'http://www.arthavest.com/plugins/uploaded/Srt_Persetuj_dr_komisaris_terkait_perub_Komite_Audit.pdf', 'Srt_Persetuj_dr_komisaris_terkait_perub_Komite_Audit.pdf', '2016-06-20 09:33:22'),
(87, 'http://www.arthavest.com/plugins/uploaded/009-KeterbukaanInformasi(OJK)-inggris.pdf', '009-KeterbukaanInformasi(OJK)-inggris.pdf', '2016-06-20 09:43:11'),
(88, 'http://arthavest.com/plugins/uploaded/harjanto.JPG', 'harjanto.JPG', '2016-06-20 10:03:48'),
(89, 'http://www.arthavest.com/plugins/uploaded/BUKTI_IKLAN_HASIL_RUPST.pdf', 'BUKTI_IKLAN_HASIL_RUPST.pdf', '2016-06-22 02:00:41'),
(90, 'http://www.arthavest.com/plugins/uploaded/RISALAH_RAPAT_(LEOLIN_SH).pdf', 'RISALAH_RAPAT_(LEOLIN_SH).pdf', '2016-06-22 02:02:25'),
(91, 'http://www.arthavest.com/plugins/uploaded/Final_Summary_Annual_General_Meeting_ARTHAVEST_2016.pdf', 'Final_Summary_Annual_General_Meeting_ARTHAVEST_2016.pdf', '2016-06-22 02:07:54'),
(92, 'http://www.arthavest.com/plugins/uploaded/HASIL_PAPARAN_PUBLIK_PE_20_Juni_2016.pdf', 'HASIL_PAPARAN_PUBLIK_PE_20_Juni_2016.pdf', '2016-06-22 02:15:43');

/*!40101 SET CHARACTER_SET_CLIENT=@OLD_CHARACTER_SET_CLIENT */;
/*!40101 SET CHARACTER_SET_RESULTS=@OLD_CHARACTER_SET_RESULTS */;
/*!40101 SET COLLATION_CONNECTION=@OLD_COLLATION_CONNECTION */;
